word,frequencies
00268781,{'1046602715617472512': 1}
007,{'1046602479276822529': 1}
011,{'1046602587930324992': 1}
0410,{'1046602988339556352': 1}
05740261,{'1046602813722243072': 1}
0710,{'1046603225309286400': 1}
0bdh,{'1046602646994464768': 1}
0ikyip,{'1046603122200592385': 1}
0ja,{'1046602434200698880': 1}
0jq8c7f,{'1046602522746662914': 1}
0neoz77yj,{'1046602780998348802': 1}
0th,{'1046602994064732160': 1}
0uxk,{'1046602581634625536': 1}
0xjzu,{'1046603435968204806': 1}
100,{'1046602537514799104': 1}
1000,{'1046602578153345024': 1}
1100,{'1046603114122481666': 1}
113,{'1046602384158470144': 1}
1412,{'1046602932945375232': 1}
143,{'1046602250632728577': 1}
1483,{'1046603047764406273': 1}
160,{'1046602279758045186': 1}
1610,{'1046604167287119872': 1}
165,{'1046602250632728577': 1}
19041,{'1046603717498359808': 1}
1956,{'1046602715617472512': 1}
1avqjytnbl,{'1046604080146190336': 1}
1er,{'1046602727093141504': 1}
1jimnrrfbl,{'1046602515603697664': 1}
1o3666ii,{'1046603511138521088': 1}
1qccc2f,{'1046602875445620738': 1}
1qxy8v,{'1046604074311921665': 1}
1titculxk,{'1046603051879071744': 1}
1vgfgvcu,{'1046603428955402241': 1}
1w5la0v,{'1046603442830159873': 1}
200,{'1046603770342395904': 1}
2011201,{'1046602696793477121': 1}
2012,{'1046603036276264960': 1}
2016,{'1046602527800774658': 1}
2018,{'1046602322128904192': 1}
202,{'1046602279758045186': 1}
2193,{'1046602603960946693': 1}
21notici,{'1046602368433999873': 1}
2290,{'1046602338113376256': 1}
234,{'1046602279758045186': 1}
248,{'1046603252438061056': 1}
258,{'1046602401757761537': 1}
2702,{'1046603678038323200': 1}
27k5td,{'1046603568827060224': 1}
2do,{'1046603754139791361': 1}
2gkqzip,{'1046603511138521088': 1}
2iml9,{'1046602324477710336': 1}
2mbwc1swi,{'1046602939224260609': 1}
2oe,{'1046602750358945792': 1}
2pgk,{'1046602831745228800': 1}
2ypilf81,{'1046602459479724032': 1}
360,{'1046602537841954818': 1}
367oncs1,{'1046602580049252353': 1}
3691359,{'1046602440945127424': 1}
37001,{'1046603047231778817': 1}
380,{'1046602459479724032': 1}
3dkn8wslrm,{'1046602851714322437': 1}
3fc6zdts,{'1046603890110730240': 1}
3ftzcjfz,{'1046603827200372736': 1}
3raup,{'1046604193824460806': 1}
3rehu02,{'1046602849176768515': 1}
3val2,{'1046603220871774214': 1}
3wuxobk,{'1046602963714801670': 1}
400,{'1046603114122481666': 1}
410,{'1046602535627370497': 1}
42kre,{'1046603561092747264': 1}
43l70xnrwh,{'1046603190534369280': 1}
4cag3y,{'1046602562403782657': 1}
4mojk,{'1046602374310219776': 1}
4oq8p,{'1046602303808196609': 1}
4ur,{'1046602327753412608': 1}
4zw,{'1046603270268112896': 1}
54jcl86zpc,{'1046602851714322437': 1}
571niasb,{'1046603754139791361': 1}
5alv7fax2,{'1046603122200592385': 1}
5dy8ar6e,{'1046602890691964928': 1}
5ikrcotnpm,{'1046602975991537664': 1}
5itkgjc,{'1046602798501167106': 1}
5rc4nq0,{'1046602743610322944': 1}
5tfbnuj2i6,{'1046604153169092609': 1}
5za,{'1046602611263254528': 1}
5zms9cpzag,{'1046603214664200192': 1}
616f,{'1046602674442047491': 1}
62iowd,{'1046603518214361088': 1}
68jme7f,{'1046604117009977345': 1}
6hoguyv,{'1046604040459751425': 1}
6kkoi55,{'1046603234163535872': 1}
6mit77m,{'1046602393255911424': 1}
6srzjhcifk,{'1046603804685283328': 1}
6sss,{'1046603208020426752': 1}
6uweyk,{'1046602279758045186': 1}
6yijnrvjc,{'1046602665898246144': 1}
70fjbraji,{'1046604032633122816': 1}
79y7frwi,{'1046603735949094917': 1}
7mwtfsp6gc,{'1046603520290562048': 1}
7nqwj9tev,{'1046602975991537664': 1}
7pvnxtn,{'1046602380421337093': 1}
7t7osiyss,{'1046602743610322944': 1}
7wve1go1q,{'1046603640683843590': 1}
7zswbkzne0,{'1046602267204423680': 1}
80s,{'1046603542633607168': 1}
8207731,{'1046604118549303296': 1}
86jk,{'1046603066752077825': 1}
8m1yxrch,{'1046603194720235520': 1}
8micvzmz,{'1046603346541522944': 1}
8rtk2d7g,{'1046604091701579776': 1}
8x5seyvwjp,{'1046604049523585024': 1}
8xh,{'1046603012691677186': 1}
90fbrlw2h,{'1046602811071451136': 1}
90s,{'1046604106809446403': 1}
95mxqwhzz,{'1046602880545968129': 1}
967,{'1046602250024624128': 1}
9s8,{'1046602296224870402': 1}
9sa3,{'1046602792629145601': 1}
9tmget643,{'1046602911961292805': 1}
9y4lhnerh,{'1046602440945127424': 1}
abaj,{'1046603700175683584': 1}
aband,{'1046602421827506176': 1}
abiert,{'1046602364172595200': 1}
abog,{'1046602488839892992': 1}
abort,{'1046602447500845056': 1}
abrir,{'1046602348368482304': 1}
abuel,{'1046602865693921281': 1}
abuelit,{'1046604213961273350': 1}
aburr,{'1046603958352072705': 1}
acab,{'1046602364172595200': 1}
acalor,{'1046602755257901061': 1}
accesibil,{'1046603036276264960': 1}
accin,{'1046602557026684928': 1}
accintod,{'1046603976802799618': 1}
accionpopul,{'1046603346541522944': 1}
acept,{'1046602972329910272': 1}
acercart,{'1046603516658294784': 1}
aclar,{'1046603247874723840': 1}
acomod,{'1046602537841954818': 1}
acomp,{'1046602491582971905': 1}
acort,{'1046602975991537664': 1}
activ,{'1046604138665193472': 2}
actual,{'1046602368433999873': 1}
acuerd,{'1046602324389613569': 1}
acurdat,{'1046603990329380864': 1}
acus,{'1046602975332904961': 1}
acusndol,{'1046604049523585024': 1}
adecu,{'1046603336001171456': 1}
adel,{'1046602259289780226': 1}
adelantee,{'1046602947558297600': 1}
adelantel,{'1046603787962601474': 1}
adem,{'1046604145589964800': 1}
adems,{'1046602390630105088': 1}
adlcr,{'1046602424864133121': 1}
administracin,{'1046603936164139010': 1}
advert,{'1046602321231302657': 1}
afin,{'1046603225309286400': 1}
afirm,{'1046603445229289472': 1}
afrent,{'1046602994064732160': 1}
afros,{'1046603421896376320': 1}
afuer,{'1046603960835067906': 1}
agenciaandin,{'1046603052977917954': 1}
agrad,{'1046602696470474752': 1}
agradec,{'1046603017280266240': 1}
agradezc,{'1046602737566322688': 1}
agred,{'1046603421896376320': 1}
agres,{'1046603146854846465': 1}
agresin,{'1046602743585165312': 1}
agu,{'1046602243460542464': 1}
aguant,{'1046603295412948992': 1}
ahor,{'1046602259289780226': 1}
ahorrars,{'1046602365313445889': 1}
ajen,{'1046603114697175040': 1}
alanrodriguezd,{'1046603936164139010': 1}
albert,{'1046602420980260864': 1}
albertit,{'1046603474098630656': 1}
alcald,{'1046602258962685953': 1}
alcaldes,{'1046602603587686400': 1}
alcaldiadelim,{'1046603346541522944': 1}
alcanc,{'1046603506923302913': 1}
alcand,{'1046602947558297600': 1}
alcanzart,{'1046603754747940866': 1}
alditus,{'1046602434603372544': 1}
alegr,{'1046602352084508673': 1}
alejandradinegr,{'1046603265251713024': 1}
alexanderpwong,{'1046603970742022145': 1}
algui,{'1046602380421337093': 1}
algun,{'1046602794139103233': 1}
ali,{'1046602274540269568': 1}
aliagapabl,{'1046602564685504512': 1}
alianzapopul,{'1046604166922194950': 1}
aliment,{'1046602674442047491': 1}
alivi,{'1046603206464286721': 1}
all,{'1046603141117022211': 1}
alonsotarazonaf,{'1046602365313445889': 1}
alt,{'1046602300628848640': 1}
alter,{'1046603352753283073': 1}
alto,{'1046603107054960642': 1}
altos,{'1046603445229289472': 1}
alumbr,{'1046602587930324992': 1}
alvarosarc,{'1046602373634904064': 1}
alza,{'1046603220871774214': 1}
amarill,{'1046602328332279808': 1}
ambiental,{'1046602368433999873': 1}
ambos,{'1046603120145551366': 1}
americatvperu,{'1046602929078226949': 1}
amig,{'1046602241153601536': 2}
amist,{'1046602517180813312': 1}
amn,{'1046602690615287809': 1}
amordonezlivi,{'1046602849289981953': 1}
ampli,{'1046602643844603904': 1}
amrcix,{'1046604166922194950': 1}
anal,{'1046603124759298049': 1}
analiochoaor,{'1046602881112182784': 1}
analt,{'1046603158787686400': 1}
anamelb,{'1046602813722243072': 1}
ancestral,{'1046602831745228800': 1}
anchas,{'1046602881112182784': 1}
andaa,{'1046603017280266240': 1}
andersonhuam,{'1046602983545417728': 1}
andoenp,{'1046602464563277825': 1}
andrad,{'1046602688862068736': 1}
andre,{'1046604230390435840': 1}
andredt,{'1046602706637467648': 1}
andres,{'1046602421827506176': 1}
andrs,{'1046603361645146115': 1}
anemi,{'1046602767937273857': 1}
anerpisfil,{'1046603692466745345': 1}
angiefl,{'1046604118549303296': 1}
anill,{'1046602724836614144': 1}
anim,{'1046602515603697664': 1}
animal,{'1046602674442047491': 1}
anot,{'1046602356614471680': 1}
antecedent,{'1046602554409439233': 1}
anti,{'1046603224113971206': 1}
anticuch,{'1046602368433999873': 1}
antivot,{'1046603450354741248': 1}
anunci,{'1046604236178550789': 1}
aos,{'1046602302411481088': 1}
apa,{'1046603990329380864': 1}
apag,{'1046603011806687232': 1}
aparec,{'1046603575084879872': 1}
apel,{'1046602286565404672': 1}
aplan,{'1046603976802799618': 1}
aplaus,{'1046602993444036612': 1}
apliqu,{'1046603047231778817': 1}
apost,{'1046602993444036612': 1}
apoy,{'1046602259289780226': 1}
apr,{'1046603937120440320': 1}
apra,{'1046603611139125249': 1}
aprend,{'1046603250676494336': 1}
aprist,{'1046603047231778817': 1}
aprob,{'1046603921660284928': 1}
apropi,{'1046602642594648069': 1}
aprovech,{'1046602607471603712': 1}
apuest,{'1046602975991537664': 1}
aqu,{'1046603293634564097': 1}
aquell,{'1046602826900819968': 1}
arberrrt,{'1046603428955402241': 1}
arborizacin,{'1046603360646950912': 1}
arbust,{'1046603008694521857': 1}
arda,{'1046603107067678721': 1}
arde,{'1046604032633122816': 1}
arremet,{'1046603511138521088': 1}
arrepentidobeingolea,{'1046602896278794240': 1}
arrib,{'1046602402600767488': 1}
articul,{'1046602248988635137': 1}
articulacin,{'1046603408256512001': 1}
asco,{'1046602420116172800': 1}
asesor,{'1046602375031590913': 1}
asi,{'1046602279154077696': 1}
asist,{'1046602268286627840': 1}
aspauzarazuri,{'1046602434603372544': 1}
asquer,{'1046602509492670464': 1}
asum,{'1046603014142926848': 1}
atacandoper,{'1046603787962601474': 1}
ataqu,{'1046602239270367233': 1}
ate,{'1046602491582971905': 1}
atemoriz,{'1046602933905821696': 1}
atencin,{'1046602395009077248': 1}
aterriz,{'1046604093589016576': 1}
atroc,{'1046602384192012288': 1}
atucasaignor,{'1046602250024624128': 1}
audi,{'1046602696793477121': 1}
aunqu,{'1046603107067678721': 1}
ausenci,{'1046603148012539904': 1}
auster,{'1046602527800774658': 1}
autntic,{'1046603625211080705': 1}
autoevalu,{'1046603357740290048': 1}
autor,{'1046602451439276032': 1}
autoridadesel,{'1046603850961088514': 1}
aval,{'1046604088383868928': 1}
avalanch,{'1046603998650937344': 1}
avanz,{'1046602401757761537': 1}
aven,{'1046604093589016576': 1}
avengerscasual,{'1046603556005007360': 1}
ayer,{'1046602491582971905': 1}
ayud,{'1046602348368482304': 1}
ayudarn,{'1046604192964636672': 1}
bac,{'1046602921390026757': 1}
baj,{'1046602274540269568': 1}
bamb,{'1046603025803038720': 1}
banc,{'1046602279154077696': 1}
bander,{'1046603787962601474': 1}
barat,{'1046602459479724032': 1}
barcelon,{'1046602368433999873': 1}
barneche,{'1046603361645146115': 1}
barr,{'1046603685835558912': 1}
barri,{'1046602454513717248': 1}
bas,{'1046602972329910272': 1}
bast,{'1046602690615287809': 1}
basur,{'1046602745187381248': 1}
bedoy,{'1046602435421237248': 1}
beingole,{'1046602248988635137': 1}
beingolea,{'1046602279938400256': 1}
beingoleanoflore,{'1046603623667564546': 1}
beingoleasigole,{'1046602279938400256': 1}
belaund,{'1046603361645146115': 1}
belladinamit,{'1046602593680719872': 1}
belm,{'1046602248988635137': 1}
belmont,{'1046602239270367233': 1}
bes,{'1046603754747940866': 1}
bestial,{'1046603684820520961': 1}
bestiasalvolant,{'1046603494919155718': 1}
bethlaw,{'1046602587930324992': 1}
bettyschap,{'1046602295784411136': 1}
biciclet,{'1046602851714322437': 1}
bien,{'1046602322128904192': 1}
bigot,{'1046603999934402561': 1}
bitel,{'1046603979185164289': 1}
blanc,{'1046603031863840768': 1}
blind,{'1046602692255264768': 1}
bluerius,{'1046602939224260609': 1}
bluf,{'1046603246364700673': 1}
boicot,{'1046604053256564736': 1}
bols,{'1046603011953512450': 1}
bonit,{'1046602495450120195': 1}
bot,{'1046602515079475200': 1}
brav,{'1046602935470370817': 1}
bravo,{'1046602564685504512': 1}
brech,{'1046602975991537664': 1}
brind,{'1046603107554062336': 1}
bronc,{'1046604049523585024': 1}
brunogesc,{'1046603942510178304': 1}
buen,{'1046602259289780226': 1}
bullying,{'1046603559536660482': 1}
burbujit,{'1046603396546023424': 1}
burl,{'1046602887927910400': 1}
bus,{'1046603140500516864': 1}
busc,{'1046602849176768515': 1}
busti,{'1046602887927910400': 1}
bustill,{'1046602676241403904': 1}
caballer,{'1046603329575489542': 1}
cabez,{'1046602353401622528': 1}
cachet,{'1046602506808307713': 1}
cad,{'1046602537841954818': 1}
cae,{'1046603921660284928': 1}
caerl,{'1046603293634564097': 1}
caes,{'1046603958352072705': 1}
caf,{'1046604159670194176': 1}
cag,{'1046603221274374145': 1}
caj,{'1046602515079475200': 1}
calambr,{'1046603625211080705': 1}
calid,{'1046603107554062336': 1}
calif,{'1046603153439887362': 1}
call,{'1046602353401622528': 1}
calla,{'1046603876730851328': 1}
cam,{'1046603140500516864': 1}
cambi,{'1046602495638872064': 1}
cambiarn,{'1046602665898246144': 1}
camin,{'1046603841762938882': 1}
camiset,{'1046602464563277825': 1}
camp,{'1046602515079475200': 1}
campa,{'1046602286565404672': 1}
can,{'1046602725767741441': 1}
canal,{'1046602646994464768': 1}
canaln,{'1046602857175293952': 1}
canay,{'1046602725767741441': 1}
cancin,{'1046603023710138371': 1}
cand,{'1046602677067689984': 1}
candidat,{'1046602243460542464': 2}
candidatur,{'1046602248988635137': 1}
cans,{'1046602517935792129': 1}
cant,{'1046603876730851328': 1}
cantalet,{'1046603247874723840': 1}
cantid,{'1046602790737457157': 1}
cap,{'1046602476798005248': 1}
capac,{'1046602653487312896': 1}
capacidadfuerz,{'1046603754139791361': 1}
capaz,{'1046602532074770433': 1}
capital,{'1046602250024624128': 1}
capitaliz,{'1046603976802799618': 1}
capon,{'1046604145589964800': 1}
capuay,{'1046602808294805504': 1}
car,{'1046603287015936000': 1}
caract,{'1046604117009977345': 1}
caraj,{'1046602256521531392': 1}
carg,{'1046602495638872064': 1}
caricatur,{'1046603445229289472': 1}
carl,{'1046603804685283328': 1}
carlosc,{'1046602715617472512': 1}
carlosrosasd,{'1046602636747821056': 1}
carmenflurry,{'1046602798039781376': 1}
carodabdoub,{'1046603808640565248': 1}
carrer,{'1046602662182113280': 1}
carril,{'1046602881112182784': 1}
cart,{'1046603031863840768': 1}
cartel,{'1046602580049252353': 1}
cas,{'1046602268286627840': 1}
cast,{'1046602742607876096': 1}
castaed,{'1046602343062679553': 1}
castaedit,{'1046602808294805504': 1}
castig,{'1046603357740290048': 1}
caterpillawrrr,{'1046604193824460806': 1}
cavi,{'1046603625211080705': 1}
caviari,{'1046602239270367233': 1}
cayend,{'1046602851097694213': 1}
caz,{'1046603323007217664': 1}
ccantell,{'1046604074198736903': 1}
ccantoangel,{'1046602846320447489': 1}
cdul,{'1046602279758045186': 1}
cej,{'1046603976802799618': 1}
celul,{'1046603208020426752': 1}
centr,{'1046602495638872064': 1}
cenvall,{'1046602715617472512': 1}
cer,{'1046602636747821056': 1}
cerc,{'1046602581634625536': 1}
cerebr,{'1046603023676571648': 1}
cerr,{'1046602300628848640': 1}
cerra,{'1046602338113376256': 1}
cerron,{'1046603516985438208': 1}
cevalenzuelav,{'1046602368433999873': 1}
chabacaneri,{'1046602691097579520': 1}
chacn,{'1046602254898393088': 1}
chajl,{'1046602727093141504': 1}
chamb,{'1046602537514799104': 1}
chanc,{'1046603958356234241': 1}
chanchit,{'1046603047231778817': 1}
chang,{'1046603310948593664': 1}
chaparrn,{'1046602765466775552': 1}
chapucer,{'1046602615637909504': 1}
chatasami,{'1046603344113004545': 1}
chavarry,{'1046602456103301120': 1}
chicagopas,{'1046602798622748673': 1}
chicharronpress,{'1046603542633607168': 1}
chifaentiffanys,{'1046603803116675072': 1}
chinitoditel,{'1046603575084879872': 1}
chiquit,{'1046602335756210176': 1}
chist,{'1046603801724104710': 1}
chor,{'1046602913311846400': 1}
cieg,{'1046604218252054530': 1}
cierr,{'1046602286565404672': 1}
ciert,{'1046603586564759552': 1}
cinism,{'1046603225309286400': 1}
circunvalacin,{'1046603206464286721': 1}
cit,{'1046603801724104710': 1}
ciud,{'1046602258962685953': 1}
ciudadan,{'1046602368433999873': 1}
claaav,{'1046602618154430464': 1}
clar,{'1046602409399779329': 1}
claudiozegarr,{'1046602791232393216': 1}
clc,{'1046603030257446912': 1}
clcul,{'1046602395009077248': 1}
club,{'1046603167469842434': 1}
cmo,{'1046602348368482304': 1}
cniez,{'1046602745187381248': 1}
cobr,{'1046602673187946496': 1}
cocher,{'1046602464563277825': 1}
coim,{'1046602310070292481': 1}
coimer,{'1046602975332904961': 1}
coincident,{'1046603428955402241': 1}
col,{'1046602766121086976': 1}
colect,{'1046603360646950912': 1}
colegi,{'1046602326742650880': 1}
color,{'1046602696470474752': 1}
colora,{'1046604049523585024': 1}
colum,{'1046603960835067906': 1}
columbus,{'1046602241153601536': 1}
com,{'1046602454513717248': 1}
comasterror,{'1046602411320791042': 1}
comenz,{'1046603575084879872': 1}
comerci,{'1046603476887883776': 1}
cometi,{'1046604236178550789': 1}
comis,{'1046603408256512001': 1}
comisari,{'1046603170162577408': 1}
comiseri,{'1046602855392600065': 1}
comit,{'1046603610967232513': 1}
comp,{'1046603623667564546': 1}
compa,{'1046602791232393216': 1}
compaer,{'1046603599181213699': 1}
compar,{'1046602315980042240': 1}
compart,{'1046602241153601536': 1}
competent,{'1046602420116172800': 1}
complet,{'1046602330899189760': 1}
compr,{'1046602256521531392': 1}
compral,{'1046602723402141696': 1}
compromet,{'1046603214664200192': 1}
compromis,{'1046602737566322688': 1}
comun,{'1046602395009077248': 1}
comunic,{'1046602364172595200': 1}
comunicacin,{'1046603031863840768': 1}
con,{'1046603976802799618': 1}
concej,{'1046603866840727552': 1}
concertacin,{'1046602975991537664': 1}
concesion,{'1046603658211872768': 1}
conch,{'1046603396604719105': 1}
concret,{'1046602302411481088': 1}
concurs,{'1046602606284607493': 1}
conduciend,{'1046602587930324992': 1}
conductor,{'1046602338029522949': 1}
conect,{'1046602332316860416': 1}
confianz,{'1046602613029048320': 1}
confin,{'1046604168272769026': 1}
confirm,{'1046603220871774214': 1}
conform,{'1046603610967232513': 1}
confront,{'1046603560924991488': 1}
confund,{'1046602972329910272': 1}
congestin,{'1046603206464286721': 1}
congres,{'1046602692255264768': 1}
congresoperu,{'1046602862690783233': 1}
conjunt,{'1046602766121086976': 1}
conllevari,{'1046602353401622528': 1}
conoc,{'1046602636747821056': 1}
conocedor,{'1046602495638872064': 1}
conocert,{'1046602352084508673': 1}
conozc,{'1046602258962685953': 1}
conscient,{'1046602420116172800': 1}
consecuent,{'1046603344113004545': 1}
conseguir,{'1046604025821614080': 1}
conserj,{'1046604145589964800': 1}
conserv,{'1046602300628848640': 1}
consig,{'1046603323007217664': 1}
consistent,{'1046602765466775552': 1}
constitucional,{'1046602353401622528': 1}
constru,{'1046602724836614144': 1}
contact,{'1046602849176768515': 1}
contamin,{'1046603045952475137': 1}
contaminacin,{'1046603295412948992': 1}
contest,{'1046603494063517696': 2}
contiend,{'1046604107912552448': 1}
contig,{'1046602352411758593': 1}
continu,{'1046602390630105088': 1}
contracultural,{'1046603430071078917': 1}
contrat,{'1046602606284607493': 1}
control,{'1046603623667564546': 2}
conven,{'1046602676241403904': 1}
convenc,{'1046602332316860416': 1}
convenci,{'1046602314293940225': 1}
convert,{'1046603108070162432': 1}
conviccin,{'1046602855581470720': 1}
conviccion,{'1046602296224870402': 1}
conviv,{'1046602972329910272': 1}
convoc,{'1046603242728280064': 1}
copi,{'1046602764791545856': 1}
corajud,{'1046603287015936000': 1}
corazn,{'1046602667114602496': 1}
corazonsalvaj,{'1046602998804303874': 1}
corbat,{'1046603225309286400': 1}
cornej,{'1046602267204423680': 1}
corre,{'1046602611263254528': 1}
correccin,{'1046603020920913921': 1}
corredor,{'1046603494919155718': 1}
correr,{'1046602568091258881': 1}
corromp,{'1046602972329910272': 1}
corrupcin,{'1046602486444888064': 1}
corrupcindelicuenciatransport,{'1046603787962601474': 1}
corrupt,{'1046603110859395072': 2}
cort,{'1046603008694521857': 1}
cortin,{'1046602274540269568': 1}
cos,{'1046602587930324992': 1}
cost,{'1046602274540269568': 1}
costagin,{'1046604060139409408': 1}
costumbr,{'1046602831745228800': 1}
cpi,{'1046602646994464768': 1}
cre,{'1046602330307792896': 1}
creacin,{'1046603030257446912': 1}
crec,{'1046602420116172800': 1}
creci,{'1046603958356234241': 1}
crim,{'1046603461188603905': 1}
crimen,{'1046603930409594880': 1}
crioll,{'1046602764640550912': 1}
critic,{'1046602375031590913': 1}
crtic,{'1046602707182768128': 1}
cruz,{'1046602491582971905': 1}
csar,{'1046602315980042240': 1}
csm,{'1046602894022193152': 1}
ctedr,{'1046603684820520961': 1}
cua,{'1046602673187946496': 1}
cualpabl,{'1046603440409972738': 1}
cubr,{'1046602515079475200': 1}
cuell,{'1046603225309286400': 1}
cuent,{'1046603958352072705': 1}
cuestin,{'1046602972329910272': 1}
cuid,{'1046602514332885072': 1}
culmin,{'1046602277530882049': 1}
culp,{'1046603921660284928': 1}
cultur,{'1046602677067689984': 1}
cumpl,{'1046602646994464768': 1}
cun,{'1046603958356234241': 1}
cund,{'1046603876730851328': 1}
curs,{'1046602348368482304': 1}
dad,{'1046603329575489542': 1}
dan,{'1046603031863840768': 1}
dand,{'1046603107948347393': 1}
daniel,{'1046602250632728577': 1}
danielurresti,{'1046602286800273414': 1}
dao,{'1046602642594648069': 1}
dar,{'1046602742607876096': 1}
darl,{'1046602409655619584': 1}
darn,{'1046604206306725888': 1}
dart,{'1046603881810219008': 1}
das,{'1046603357740290048': 1}
dat,{'1046602286800273414': 1}
datu,{'1046602343062679553': 1}
datum,{'1046602250632728577': 1}
datumperu,{'1046602377854427136': 1}
dbil,{'1046602700975198208': 1}
dcim,{'1046602343062679553': 1}
deb,{'1046602259289780226': 1}
debat,{'1046602241153601536': 1}
debateelectoral,{'1046604140816871424': 1}
debatemuncipal,{'1046602314293940225': 1}
debatemuni,{'1046602603960946693': 1}
debatemunic,{'1046602911961292805': 1}
debatemunicipal,{'1046602244483895296': 1}
debatevot,{'1046602743585165312': 1}
debati,{'1046602422326562816': 1}
debem,{'1046604230390435840': 1}
deber,{'1046602862690783233': 1}
debi,{'1046603876730851328': 1}
dec,{'1046602364172595200': 1}
decenci,{'1046602328948846594': 1}
decent,{'1046602368433999873': 1}
decepcin,{'1046603007968841734': 1}
decepcion,{'1046604088383868928': 1}
decid,{'1046602326742650880': 1}
decidebi,{'1046604217237078018': 1}
decis,{'1046603304934035457': 1}
declar,{'1046602277530882049': 1}
defend,{'1046602326742650880': 1}
defens,{'1046603229063254016': 1}
defensor,{'1046603108070162432': 1}
defiend,{'1046602915585118208': 1}
defin,{'1046602279938400256': 1}
definit,{'1046602246941741056': 1}
defraudess,{'1046602947558297600': 1}
dej,{'1046602791232393216': 1}
dejen,{'1046602527800774658': 1}
delincuent,{'1046603225309286400': 1}
deliriumtremems,{'1046602921390026757': 1}
delrioceped,{'1046603890110730240': 1}
deltamdelt,{'1046602880545968129': 1}
delvedi,{'1046603404385153024': 1}
demagogi,{'1046603225309286400': 1}
demasi,{'1046603445229289472': 1}
dement,{'1046603930409594880': 1}
democraci,{'1046602737566322688': 1}
demol,{'1046603214664200192': 1}
demostr,{'1046602241153601536': 1}
demostracin,{'1046603390350954504': 1}
dems,{'1046603323007217664': 1}
demuestr,{'1046602765466775552': 1}
denomin,{'1046602534201315329': 1}
denunci,{'1046602612550889479': 1}
depend,{'1046603976802799618': 1}
deport,{'1046602742817525761': 1}
der,{'1046603287015936000': 1}
derech,{'1046602326742650880': 1}
derrot,{'1046602833032826880': 1}
des,{'1046602321231302657': 1}
desaf,{'1046603506923302913': 1}
desaparesc,{'1046602692255264768': 1}
desastr,{'1046603936164139010': 1}
descans,{'1046603155352555527': 1}
desenmasc,{'1046603107222921216': 1}
desesperacin,{'1046602386528239618': 1}
desgraci,{'1046602424864133121': 1}
desigualdad,{'1046602831745228800': 1}
desinform,{'1046603717498359808': 1}
deslengu,{'1046602303808196609': 1}
desmarqu,{'1046604016828985346': 1}
desnud,{'1046602615637909504': 1}
desperdici,{'1046602495638872064': 1}
despert,{'1046602542522802176': 1}
desplaz,{'1046603357740290048': 1}
desplom,{'1046602517935792129': 1}
despotriqu,{'1046603031863840768': 1}
despus,{'1046602295784411136': 1}
destac,{'1046604106809446403': 1}
desti,{'1046603390350954504': 1}
destil,{'1046604102405369856': 1}
destin,{'1046603392653684736': 1}
destitu,{'1046602456103301120': 1}
deud,{'1046604167287119872': 1}
deven,{'1046602315980042240': 1}
devulvel,{'1046602515603697664': 1}
dia,{'1046602766121086976': 1}
diabl,{'1046604037897023488': 1}
diari,{'1046602611263254528': 1}
diariodecurw,{'1046602479276822529': 1}
diariooj,{'1046604126514270208': 1}
diariounoperu,{'1046604091701579776': 1}
dias,{'1046602488839892992': 1}
dic,{'1046602279154077696': 1}
dich,{'1046602384192012288': 1}
dieselpand,{'1046604192964636672': 1}
diethell,{'1046604106809446403': 1}
diezm,{'1046604145589964800': 1}
difam,{'1046602554409439233': 1}
difcil,{'1046603494063517696': 1}
diferent,{'1046602386528239618': 1}
difund,{'1046602558410821632': 1}
dig,{'1046602546423492609': 1}
dign,{'1046602243460542464': 1}
dignid,{'1046602506808307713': 1}
dij,{'1046602790737457157': 1}
dilog,{'1046602975991537664': 1}
dilu,{'1046603323007217664': 1}
diner,{'1046603153439887362': 1}
dio,{'1046602277530882049': 1}
dios,{'1046602515129806850': 1}
dir,{'1046602665898246144': 1}
diri,{'1046603516985438208': 1}
discrimacion,{'1046603970742022145': 1}
discrimin,{'1046602719564361728': 1}
discriminacin,{'1046602384192012288': 1}
discurs,{'1046602300628848640': 1}
disfraz,{'1046603124759298049': 1}
disp,{'1046603265251713024': 1}
dispar,{'1046602332316860416': 1}
distincion,{'1046602509702377472': 1}
distrit,{'1046602373634904064': 1}
distrital,{'1046602587930324992': 1}
ditel,{'1046602241153601536': 1}
ditelc,{'1046602409655619584': 1}
ditelcolumbus,{'1046602345595973632': 1}
ditelkonlim,{'1046603530973384705': 1}
ditelparalim,{'1046602954361511936': 4}
djar,{'1046602314293940225': 1}
dnde,{'1046602256521531392': 1}
dnmarian,{'1046602715617472512': 1}
doctor,{'1046602919309660161': 1}
doctrin,{'1046602390630105088': 1}
domin,{'1046603072854773762': 1}
doming,{'1046602395084566528': 1}
dorm,{'1046603928941596673': 1}
dos,{'1046602486444888064': 1}
dsel,{'1046602667114602496': 1}
dud,{'1046602259289780226': 1}
dupl,{'1046602607471603712': 1}
dur,{'1046603360646950912': 1}
ebelinortiz,{'1046604204301799424': 1}
echad,{'1046603323007217664': 1}
economi,{'1046603106765570048': 1}
edad,{'1046603060255109121': 1}
edifici,{'1046602674442047491': 1}
eduard,{'1046602401757761537': 1}
educacin,{'1046602326742650880': 1}
edyerc,{'1046603098452578306': 1}
efectu,{'1046603435968204806': 1}
ejecut,{'1046602790737457157': 1}
ejejejejejej,{'1046602593680719872': 1}
ejempl,{'1046602390630105088': 2}
ela,{'1046603229063254016': 1}
elblogdebinari,{'1046602798039781376': 1}
elcom,{'1046603214664200192': 1}
elcomercioperu,{'1046603118702723072': 1}
elctric,{'1046602459479724032': 1}
elcuartodeeli,{'1046602254898393088': 1}
eleccin,{'1046602348368482304': 1}
eleccion,{'1046602322128904192': 1}
eleccionesmunicipal,{'1046602562403782657': 1}
elect,{'1046602296224870402': 1}
elector,{'1046603220871774214': 1}
electron,{'1046603770342395904': 1}
eleg,{'1046603392653684736': 1}
elempresari,{'1046603167469842434': 1}
elevator,{'1046602332316860416': 1}
elig,{'1046602750149234689': 1}
elij,{'1046603623667564546': 1}
elijir,{'1046604102405369856': 1}
eljoynlun,{'1046603017280266240': 1}
ello,{'1046602648911319042': 1}
elmiyashir,{'1046604126514270208': 1}
elponjasab,{'1046603047764406273': 1}
elpopularp,{'1046603614846951424': 1}
embarg,{'1046602692808912896': 1}
emigracin,{'1046602831745228800': 1}
emit,{'1046602386528239618': 1}
emocion,{'1046602612550889479': 1}
empat,{'1046602557026684928': 1}
emple,{'1046602696793477121': 1}
emprend,{'1046603106765570048': 1}
emprendedor,{'1046602352411758593': 1}
empres,{'1046604025821614080': 1}
encan,{'1046602913311846400': 1}
encant,{'1046602790737457157': 1}
encefl,{'1046603928941596673': 1}
encim,{'1046602402600767488': 1}
encuentr,{'1046602691097579520': 1}
encuest,{'1046602279758045186': 1}
encuestasbamb,{'1046603428955402241': 1}
eneidit,{'1046603828366372869': 1}
enemig,{'1046603031863840768': 2}
enf,{'1046602748630880256': 1}
enfoc,{'1046602259289780226': 1}
enfoqu,{'1046603077778853888': 1}
enfr,{'1046602745187381248': 1}
enfrent,{'1046602328332279808': 1}
enga,{'1046603225309286400': 1}
enriqu,{'1046602254898393088': 1}
enriquecornejor,{'1046602321231302657': 1}
enriqueporlim,{'1046602254218932224': 1}
ensucindos,{'1046603768488501248': 1}
ensustrec,{'1046604206306725888': 1}
entend,{'1046602975332904961': 1}
enthusiasts,{'1046604089105285121': 1}
entiend,{'1046603404385153024': 1}
entierr,{'1046602248988635137': 1}
entrad,{'1046603461188603905': 1}
entrar,{'1046603360646950912': 1}
entreg,{'1046603658211872768': 1}
entren,{'1046603120145551366': 1}
entrev,{'1046603743293296640': 1}
entrevist,{'1046602580049252353': 1}
enva,{'1046603480658595840': 1}
envi,{'1046602335756210176': 1}
equip,{'1046602456103301120': 1}
eriksonp,{'1046603187359305728': 1}
erm,{'1046602751579475969': 1}
ernestoam,{'1046602994064732160': 1}
erosvacach,{'1046602261701578752': 1}
erradic,{'1046602700975198208': 1}
error,{'1046602643844603904': 1}
escol,{'1046603564225875968': 1}
escuch,{'1046602295784411136': 1}
escuchand,{'1046602411320791042': 1}
escuchart,{'1046602989149061121': 1}
escuel,{'1046604011883892736': 1}
esfuerz,{'1046603831587606529': 1}
eslog,{'1046603313003843584': 1}
eslojust,{'1046603723005480961': 1}
espa,{'1046603036276264960': 1}
espaci,{'1046603743293296640': 1}
espald,{'1046602742607876096': 1}
espaol,{'1046603445229289472': 1}
especial,{'1046603421896376320': 1}
espectacul,{'1046602593680719872': 1}
esper,{'1046602268286627840': 1}
espos,{'1046602887927910400': 1}
espum,{'1046602665898246144': 1}
est,{'1046602338113376256': 1}
estadst,{'1046604236178550789': 1}
estaf,{'1046602434603372544': 1}
estan,{'1046602421827506176': 1}
estar,{'1046603610967232513': 1}
esther,{'1046602352084508673': 1}
esthercapunay,{'1046602352084508673': 1}
estigmatiz,{'1046604168272769026': 1}
estim,{'1046602798039781376': 1}
estn,{'1046602398679076864': 1}
ests,{'1046603045952475137': 1}
estupend,{'1046602327753412608': 1}
estupidec,{'1046602798622748673': 1}
estuvir,{'1046603793188737030': 1}
etc,{'1046603787962601474': 1}
eudm,{'1046602933905821696': 1}
evident,{'1046602571786391554': 1}
exam,{'1046602332316860416': 1}
excelent,{'1046602314788872192': 1}
exclus,{'1046602881112182784': 1}
excongres,{'1046603077778853888': 1}
excusart,{'1046603396604719105': 1}
exig,{'1046602846320447489': 1}
exist,{'1046602328948846594': 1}
experient,{'1046602302411481088': 1}
expert,{'1046602857854763009': 1}
explay,{'1046603031863840768': 1}
explic,{'1046602692808912896': 1}
exposicin,{'1046602330899189760': 1}
expositor,{'1046602495638872064': 1}
expresion,{'1046602488839892992': 1}
extranjer,{'1046602375031590913': 1}
factibl,{'1046602324964253696': 1}
fals,{'1046602286800273414': 1}
falt,{'1046603247874723840': 1}
famili,{'1046602356081725440': 1}
famurpin,{'1046602356081725440': 1}
favor,{'1046603029552787456': 1}
favorec,{'1046603768488501248': 1}
favorit,{'1046604107912552448': 1}
feeling,{'1046603969840250880': 1}
felic,{'1046602356081725440': 1}
felicit,{'1046604108768190464': 1}
feliz,{'1046602833032826880': 1}
fernandez,{'1046602914503020545': 1}
fernandoarmasc,{'1046603396546023424': 1}
fernandogot,{'1046602677067689984': 1}
fernandorub,{'1046602409655619584': 1}
fernndez,{'1046602254898393088': 1}
fertiliz,{'1046602674442047491': 1}
ffa,{'1046602353401622528': 1}
fiabl,{'1046602932945375232': 1}
fich,{'1046602386528239618': 1}
fideosrojoss,{'1046602517180813312': 1}
fim,{'1046603611139125249': 1}
fin,{'1046602374310219776': 1}
final,{'1046602335756210176': 1}
finaliz,{'1046603911581388802': 1}
financi,{'1046602674442047491': 1}
fir,{'1046602328948846594': 1}
firm,{'1046602286800273414': 1}
fiscal,{'1046602587930324992': 1}
fiscali,{'1046603140500516864': 1}
fiscaliz,{'1046604093589016576': 1}
flagel,{'1046602707182768128': 1}
flagrant,{'1046602353401622528': 1}
flor,{'1046602517935792129': 1}
floroperuan,{'1046602279938400256': 1}
flu,{'1046602724836614144': 1}
fluidez,{'1046602365313445889': 1}
foment,{'1046602420116172800': 1}
forj,{'1046603850961088514': 1}
form,{'1046603008694521857': 1}
formalic,{'1046603657276530688': 1}
formaliz,{'1046603360646950912': 1}
fot,{'1046602896278794240': 1}
fotocopi,{'1046602303808196609': 1}
foul,{'1046602464563277825': 1}
fplamolina,{'1046603308482334720': 1}
frac,{'1046603941591601154': 1}
frank,{'1046603047764406273': 1}
franztamay,{'1046603700175683584': 1}
fras,{'1046602464777162752': 1}
frent,{'1046602324389613569': 1}
frenteampliop,{'1046602993444036612': 1}
frepap,{'1046602343062679553': 1}
fueronl,{'1046603461188603905': 1}
fuert,{'1046602369499373569': 1}
fuerz,{'1046602296224870402': 1}
fujialanistasy,{'1046603461188603905': 1}
fujiapr,{'1046602239270367233': 1}
fujimor,{'1046602243460542464': 1}
fujimori,{'1046603480658595840': 1}
full,{'1046602636747821056': 1}
funcion,{'1046602674442047491': 1}
funcional,{'1046602495450120195': 1}
funcionari,{'1046603610967232513': 1}
fund,{'1046602534201315329': 1}
fundament,{'1046602324964253696': 1}
funeral,{'1046604159670194176': 1}
futur,{'1046603640683843590': 1}
gabsil,{'1046603803116675072': 1}
gag,{'1046602246941741056': 1}
galvez,{'1046602673187946496': 1}
gan,{'1046602352084508673': 1}
ganador,{'1046602676241403904': 1}
ganch,{'1046602989149061121': 1}
garant,{'1046603170162577408': 1}
garantiz,{'1046602648454144000': 1}
garc,{'1046602356614471680': 1}
garci,{'1046602603960946693': 1}
garylored,{'1046603072854773762': 1}
gas,{'1046603011806687232': 1}
gast,{'1046602618154430464': 1}
gatitadelsur,{'1046602256521531392': 1}
gay,{'1046603511138521088': 1}
gdvg,{'1046603717498359808': 1}
gener,{'1046602613029048320': 1}
general,{'1046602947558297600': 1}
genial,{'1046602661620060161': 1}
genoc,{'1046603787610324992': 1}
gent,{'1046602392144351232': 1}
germanjb,{'1046602691097579520': 1}
gestin,{'1046602302411481088': 1}
gestion,{'1046602846320447489': 1}
gestor,{'1046603170162577408': 1}
ggg,{'1046602248988635137': 1}
gggalcald,{'1046604074311921665': 1}
gggpe,{'1046602279154077696': 1}
gin,{'1046603518214361088': 1}
gitostyl,{'1046602420980260864': 1}
glori,{'1046603678038323200': 1}
gmez,{'1046602921390026757': 1}
gner,{'1046602373634904064': 1}
gobiern,{'1046603653862313984': 1}
golpe,{'1046604103105818625': 2}
gomezbacaxlim,{'1046602353401622528': 1}
gomezgtvamosperu,{'1046604117009977345': 1}
gomezy,{'1046603428955402241': 1}
gonzaloladin,{'1046603066752077825': 1}
gonzaloxalcald,{'1046603284138594305': 1}
gord,{'1046603120145551366': 1}
gordofb,{'1046603591698378752': 1}
gorjed,{'1046602327753412608': 1}
goud,{'1046602715617472512': 1}
gra,{'1046602488839892992': 1}
grab,{'1046603023676571648': 1}
graci,{'1046602612550889479': 1}
gran,{'1046602356614471680': 1}
grand,{'1046602279154077696': 1}
grav,{'1046604236178550789': 1}
grfic,{'1046603390350954504': 1}
grup,{'1046602322128904192': 1}
guerr,{'1046602356614471680': 1}
gust,{'1046602750149234689': 1}
gustav,{'1046602356614471680': 2}
gym,{'1046603167469842434': 1}
hab,{'1046602300628848640': 2}
habit,{'1046602537841954818': 1}
habl,{'1046602300628848640': 1}
hablaveg,{'1046602509702377472': 1}
habr,{'1046602401757761537': 1}
hac,{'1046602321231302657': 1}
hach,{'1046602611263254528': 1}
haci,{'1046602831745228800': 1}
hag,{'1046602780914454528': 1}
hambr,{'1046602780914454528': 1}
hanmirand,{'1046604002945880065': 1}
har,{'1046603242728280064': 1}
hart,{'1046602348368482304': 1}
hech,{'1046602642594648069': 1}
helg,{'1046602332681752576': 1}
herman,{'1046602515603697664': 1}
hermos,{'1046602369419677696': 1}
hernachluis,{'1046603333551706112': 1}
hey,{'1046602537514799104': 1}
hic,{'1046602267204423680': 1}
hij,{'1046602239270367233': 1}
hijit,{'1046603958356234241': 1}
hildavillafu,{'1046604045715156993': 1}
hildebrandt,{'1046602315980042240': 1}
hildebrant,{'1046603801724104710': 1}
hincapi,{'1046602383525138432': 1}
hinostroz,{'1046602692255264768': 1}
hipocres,{'1046603225309286400': 1}
hipocrit,{'1046603625211080705': 1}
historial,{'1046604025821614080': 1}
histric,{'1046603937120440320': 1}
hiz,{'1046602434603372544': 1}
hoj,{'1046602723402141696': 1}
hombr,{'1046602244483895296': 1}
hommel,{'1046603657276530688': 1}
homofb,{'1046602309206192129': 1}
homofobi,{'1046602707182768128': 1}
honest,{'1046602476798005248': 1}
honorf,{'1046602509492670464': 1}
hor,{'1046603793578815493': 1}
horror,{'1046602248988635137': 1}
hospital,{'1046602421827506176': 1}
hoy,{'1046602314293940225': 1}
htt,{'1046602429922447361': 1}
https,{'1046602571262164992': 1}
httpst,{'1046602833032826880': 1}
httpstc,{'1046602723402141696': 1}
httpstco,{'1046602256521531392': 1}
httpstcoamxutpzhcw,{'1046603559536660482': 1}
httpstcoarvv,{'1046604074311921665': 1}
httpstcob,{'1046603428955402241': 1}
httpstcobfct,{'1046602562403782657': 1}
httpstcobgjeox,{'1046602327753412608': 1}
httpstcobkv,{'1046602380421337093': 1}
httpstcobrlsfxsv,{'1046604074311921665': 1}
httpstcobtfenykvgd,{'1046603326186549248': 1}
httpstcobvkxahyvsi,{'1046602506808307713': 1}
httpstcocn,{'1046602963714801670': 1}
httpstcod,{'1046602911961292805': 1}
httpstcodjaxynei,{'1046604204301799424': 1}
httpstcodxqaaiipf,{'1046603124243402753': 1}
httpstcoef,{'1046603346541522944': 1}
httpstcoegphr,{'1046602303808196609': 1}
httpstcof,{'1046603561092747264': 1}
httpstcofnh,{'1046603122200592385': 1}
httpstcofp,{'1046603511138521088': 1}
httpstcofpqjphy,{'1046602434200698880': 1}
httpstcofscmgxcihi,{'1046603542633607168': 1}
httpstcofvvg,{'1046603220871774214': 1}
httpstcofzux,{'1046604193824460806': 1}
httpstcognfugwwx,{'1046603623667564546': 1}
httpstcogwggvmlwiz,{'1046603950387056640': 1}
httpstcohf,{'1046603442830159873': 1}
httpstcohjy,{'1046602611263254528': 1}
httpstcohs,{'1046603827200372736': 1}
httpstcohzmpdcyekb,{'1046602330899189760': 1}
httpstcoi,{'1046602811071451136': 1}
httpstcoinjcldfxzw,{'1046603627215958022': 1}
httpstcojoognr,{'1046602646994464768': 1}
httpstcojtxpbozmxn,{'1046602332681752576': 1}
httpstcojwoydlbc,{'1046602581634625536': 1}
httpstcokaz,{'1046602522746662914': 1}
httpstcokgaembtvlk,{'1046603332415094784': 1}
httpstcoknijyupfei,{'1046602750358945792': 1}
httpstcol,{'1046602665898246144': 1}
httpstcolb,{'1046602798501167106': 1}
httpstcolhbwqalyj,{'1046603140500516864': 1}
httpstcoliq,{'1046604117009977345': 1}
httpstcollimelsxgh,{'1046603250257088512': 1}
httpstconlkr,{'1046602279758045186': 1}
httpstconniahmxyuq,{'1046604166922194950': 1}
httpstconohhqwswnd,{'1046602674442047491': 1}
httpstconv,{'1046603754139791361': 1}
httpstconxv,{'1046603234163535872': 1}
httpstcooaow,{'1046603518214361088': 1}
httpstcoohz,{'1046602393255911424': 1}
httpstcoojrkcz,{'1046602831745228800': 1}
httpstcoooksj,{'1046603804685283328': 1}
httpstcoozhnh,{'1046602324477710336': 1}
httpstcop,{'1046603194720235520': 1}
httpstcopl,{'1046603735949094917': 1}
httpstcopwccoibkqz,{'1046604144654659585': 1}
httpstcoq,{'1046602440945127424': 1}
httpstcoqa,{'1046604040459751425': 1}
httpstcor,{'1046602975991537664': 1}
httpstcorqvq,{'1046602750358945792': 1}
httpstcoryeabpnhgx,{'1046603650385301504': 1}
httpstcoscwx,{'1046602674442047491': 1}
httpstcosfhcerk,{'1046602994064732160': 1}
httpstcoshzpkf,{'1046603442830159873': 1}
httpstcosmvcysml,{'1046602310070292481': 1}
httpstcospmehn,{'1046603066752077825': 1}
httpstcospmun,{'1046602374310219776': 1}
httpstcosty,{'1046602849176768515': 1}
httpstcotj,{'1046604091701579776': 1}
httpstcotl,{'1046602459479724032': 1}
httpstcotlkpgaqjcw,{'1046603631280234496': 1}
httpstcotstnni,{'1046602792629145601': 1}
httpstcotuu,{'1046603511138521088': 1}
httpstcoufnsbyv,{'1046603012691677186': 1}
httpstcouftm,{'1046603568827060224': 1}
httpstcov,{'1046602743610322944': 1}
httpstcoviriyik,{'1046602296224870402': 1}
httpstcovvymzsc,{'1046603270268112896': 1}
httpstcovwhal,{'1046603435968204806': 1}
httpstcow,{'1046602890691964928': 1}
httpstcowk,{'1046603890110730240': 1}
httpstcox,{'1046602880453685248': 1}
httpstcoybhbox,{'1046603208020426752': 1}
httpstcoyqbkmomssr,{'1046602755257901061': 1}
httpstcoyysys,{'1046602581634625536': 1}
httpstcoz,{'1046602880545968129': 1}
httpstcozag,{'1046602875445620738': 1}
httpstcozzuiuazqxi,{'1046603319895044097': 1}
httpstcozzx,{'1046602743610322944': 1}
huaquillay,{'1046602454513717248': 1}
huaycn,{'1046602491582971905': 1}
huev,{'1046602279154077696': 1}
hug,{'1046602887927910400': 1}
hugonop,{'1046602615637909504': 1}
hum,{'1046602274540269568': 1}
humbert,{'1046602495450120195': 1}
humbertolay,{'1046602398679076864': 1}
humild,{'1046602527800774658': 1}
iba,{'1046603615971028992': 1}
ibas,{'1046602914503020545': 1}
ide,{'1046602790737457157': 1}
ideal,{'1046604085703659520': 1}
ideolog,{'1046602373634904064': 1}
idiot,{'1046602250024624128': 1}
idne,{'1046604102405369856': 1}
ido,{'1046603011806687232': 1}
igual,{'1046602286800273414': 1}
ilanegr,{'1046602259289780226': 1}
ilaz,{'1046602751101345792': 1}
iluminacin,{'1046602881112182784': 1}
imparcial,{'1046604091701579776': 1}
impid,{'1046603921660284928': 1}
implement,{'1046602383525138432': 1}
impon,{'1046602326742650880': 1}
import,{'1046602612550889479': 1}
imprent,{'1046603032295862272': 1}
impres,{'1046602723402141696': 1}
impresent,{'1046602907339165697': 1}
improvis,{'1046602690615287809': 1}
improvisacin,{'1046602321231302657': 1}
impuest,{'1046604167287119872': 1}
impuls,{'1046603942510178304': 1}
inacept,{'1046603456860033024': 1}
incendi,{'1046603774293409800': 1}
incentiv,{'1046603352753283073': 1}
incis,{'1046602929078226949': 1}
inclu,{'1046602447500845056': 1}
inclusin,{'1046602911709614080': 1}
inclusiv,{'1046602353401622528': 1}
inclusivabeingol,{'1046604074198736903': 1}
increbl,{'1046602395009077248': 1}
increp,{'1046604084428648453': 1}
independient,{'1046603124759298049': 1}
indign,{'1046604168272769026': 1}
inept,{'1046603930409594880': 1}
infeliz,{'1046603023676571648': 1}
inflad,{'1046603942510178304': 1}
inflador,{'1046603976802799618': 1}
influenci,{'1046602826900819968': 1}
info,{'1046603036276264960': 1}
inform,{'1046602798622748673': 1}
informaci,{'1046602975332904961': 1}
ingres,{'1046602846320447489': 1}
injustici,{'1046602612550889479': 1}
inminent,{'1046602353401622528': 1}
inmobiliari,{'1046603560924991488': 1}
inmoral,{'1046603225309286400': 1}
inodor,{'1046603970742022145': 1}
insegur,{'1046602509702377472': 1}
instal,{'1046602674442047491': 1}
insult,{'1046603456860033024': 1}
insustancial,{'1046602259289780226': 1}
integr,{'1046603999934402561': 1}
integral,{'1046603723005480961': 1}
inteligent,{'1046602365313445889': 1}
intencin,{'1046602482170953728': 1}
intencion,{'1046602692808912896': 1}
interes,{'1046602855392600065': 1}
interior,{'1046603170162577408': 1}
internacional,{'1046602250632728577': 1}
internet,{'1046602653487312896': 1}
interocen,{'1046603167469842434': 1}
intervencin,{'1046602248988635137': 1}
invis,{'1046602310070292481': 1}
ipsos,{'1046602646994464768': 1}
ipsosec,{'1046604060139409408': 1}
ira,{'1046603787299946496': 1}
isidr,{'1046603941591601154': 1}
iso,{'1046603047231778817': 1}
israel,{'1046602368433999873': 1}
ivanalonsoog,{'1046602894022193152': 1}
izaguirr,{'1046603876730851328': 1}
jaim,{'1046602384158470144': 1}
jaimeserr,{'1046602395009077248': 1}
jajaj,{'1046602274540269568': 1}
jajajajaaj,{'1046603885597659136': 1}
jajajajaj,{'1046602267204423680': 1}
jajajj,{'1046603700175683584': 1}
japon,{'1046602368433999873': 1}
japons,{'1046603445229289472': 1}
jat,{'1046603194720235520': 1}
javbarred,{'1046602868839600129': 1}
jeannettellaj,{'1046602989102911488': 1}
jeanpierreip,{'1046602661620060161': 1}
jef,{'1046602742607876096': 1}
jejejejej,{'1046602491574603780': 1}
jesusalzamor,{'1046604011883892736': 1}
jesusqs,{'1046603428955402241': 1}
jfowks,{'1046602486444888064': 1}
jgodoym,{'1046602248988635137': 1}
jhazmindirnt,{'1046602856806141952': 1}
jlmarquezm,{'1046604019970510849': 1}
jne,{'1046602646994464768': 1}
jneperu,{'1046602613029048320': 1}
jobrosal,{'1046602435421237248': 1}
jod,{'1046603661655396352': 1}
joeromerovasqu,{'1046604108768190464': 1}
jolenn,{'1046602748630880256': 1}
jonkat,{'1046602798039781376': 1}
jorg,{'1046602250632728577': 1}
jorgemunozap,{'1046602259289780226': 1}
jorgemuoz,{'1046603346541522944': 1}
jos,{'1046603167469842434': 1}
josecarlosalv,{'1046603928941596673': 1}
josemartsn,{'1046602374310219776': 1}
josemedinaz,{'1046604215760621568': 1}
joshuaalek,{'1046603287015936000': 1}
jotabruc,{'1046604053256564736': 1}
joven,{'1046603360646950912': 1}
jovenesconfp,{'1046602324477710336': 1}
jovenesk,{'1046602429922447361': 1}
jrivadeneyr,{'1046602324964253696': 1}
jua,{'1046602384158470144': 1}
juanmari,{'1046602932945375232': 1}
jubil,{'1046602862690783233': 1}
judicial,{'1046602764640550912': 1}
juec,{'1046602256521531392': 1}
jueg,{'1046602420980260864': 1}
juev,{'1046602766121086976': 1}
jug,{'1046602464563277825': 1}
jugador,{'1046602464563277825': 1}
juici,{'1046602364172595200': 1}
juli,{'1046602286565404672': 1}
julianaoxenford,{'1046602509492670464': 1}
juliogagop,{'1046602250024624128': 1}
junt,{'1046602700975198208': 1}
justici,{'1046603360646950912': 1}
justiciaqu,{'1046602780914454528': 1}
jven,{'1046602846320447489': 1}
karembq,{'1046604050618290176': 1}
karemcraff,{'1046604126514270208': 1}
karlacall,{'1046603304934035457': 1}
karm,{'1046603754747940866': 1}
keik,{'1046602348368482304': 1}
keikofujimori,{'1046602241153601536': 1}
kenji,{'1046602945326985216': 1}
kenjifujimorih,{'1046603556005007360': 1}
kikesitov,{'1046604072655220737': 1}
kimon,{'1046603445229289472': 1}
kitt,{'1046602440945127424': 1}
konic,{'1046603148012539904': 1}
konik,{'1046602723402141696': 1}
krugg,{'1046604213734658050': 1}
labart,{'1046603541157216262': 1}
labor,{'1046603876730851328': 1}
laboral,{'1046603106765570048': 1}
laconchacavi,{'1046602715617472512': 1}
lad,{'1046604218252054530': 1}
ladrn,{'1046603623667564546': 2}
lakr,{'1046603461188603905': 1}
lallamaflamenc,{'1046602811071451136': 1}
lalomaldi,{'1046603603866243072': 1}
lamakaren,{'1046602409399779329': 1}
lament,{'1046602286565404672': 1}
lamul,{'1046602826556862465': 1}
lanz,{'1046602402600767488': 1}
lapicitoroj,{'1046602254218932224': 1}
larazonp,{'1046604126514270208': 1}
larc,{'1046603360646950912': 1}
larcom,{'1046603747953135616': 1}
larepublicap,{'1046604091701579776': 1}
larg,{'1046603930409594880': 1}
lasandung,{'1046603958356234241': 1}
lasr,{'1046604102405369856': 1}
latin,{'1046602279758045186': 1}
latinanotici,{'1046602425812103169': 1}
latinap,{'1046603823698071553': 1}
lauletr,{'1046602880453685248': 1}
lav,{'1046602495450120195': 1}
laxim,{'1046602339795292160': 1}
lay,{'1046602495450120195': 1}
lcaballer,{'1046603329575489542': 1}
ldavelouis,{'1046602459479724032': 1}
lder,{'1046602476798005248': 1}
lea,{'1046602701101027328': 1}
leccion,{'1046603844074057728': 1}
lectur,{'1046602425812103169': 1}
led,{'1046602300628848640': 1}
lee,{'1046603148012539904': 1}
leer,{'1046602798039781376': 1}
legisl,{'1046602790737457157': 1}
lej,{'1046602479276822529': 1}
len,{'1046604117873971200': 1}
leo,{'1046602324389613569': 1}
ley,{'1046602846320447489': 1}
leyend,{'1046602303808196609': 1}
lgbti,{'1046602395009077248': 1}
lgic,{'1046604093589016576': 1}
lgtb,{'1046602915585118208': 1}
lgtbi,{'1046603055817469953': 1}
lgtbiq,{'1046602743585165312': 1}
lgtbizq,{'1046603615971028992': 1}
lgzzse,{'1046602880453685248': 1}
libert,{'1046603392653684736': 1}
libertari,{'1046602277530882049': 1}
libr,{'1046602725767741441': 1}
licenci,{'1046603839762288640': 1}
licit,{'1046603866840727552': 1}
lider,{'1046602581634625536': 1}
lig,{'1046602780914454528': 1}
lim,{'1046602243460542464': 1}
limafeliz,{'1046602435421237248': 1}
limagaynet,{'1046602462726098944': 1}
limakonditel,{'1046602374310219776': 1}
limaparatod,{'1046602451439276032': 1}
lime,{'1046602688862068736': 1}
lindoo,{'1046602270568325120': 1}
links,{'1046602798039781376': 1}
lisarit,{'1046602715617472512': 1}
literal,{'1046603615971028992': 1}
litolob,{'1046602330899189760': 1}
llam,{'1046604049523585024': 1}
llant,{'1046603077778853888': 1}
lleg,{'1046602239270367233': 1}
llev,{'1046602314293940225': 1}
llevars,{'1046602723402141696': 1}
llevndos,{'1046602691097579520': 1}
llor,{'1046603653862313984': 1}
llov,{'1046602707182768128': 1}
lne,{'1046603023676571648': 1}
lockermad,{'1046603681670594560': 1}
logr,{'1046602401757761537': 1}
lokaldammert,{'1046604111897071617': 1}
loltim,{'1046602558410821632': 1}
lon,{'1046602839970205696': 1}
lopezbrand,{'1046603523989950464': 1}
lopeztorr,{'1046602737566322688': 1}
lorealvarez,{'1046602425812103169': 1}
loultim,{'1046602384158470144': 1}
lourdesfloresn,{'1046604126514270208': 1}
loyocm,{'1046602715617472512': 1}
lstim,{'1046602422326562816': 1}
ltgbi,{'1046603723005480961': 1}
ltim,{'1046602314293940225': 1}
ltimominut,{'1046602377854427136': 1}
lucerolind,{'1046602270568325120': 1}
luch,{'1046602435421237248': 1}
luchocastanedal,{'1046603876730851328': 1}
luchocastanedap,{'1046603958356234241': 1}
luchojb,{'1046603999934402561': 1}
luciferin,{'1046603625211080705': 1}
lueg,{'1046602495638872064': 1}
lug,{'1046602328948846594': 1}
lugar,{'1046603323007217664': 1}
luis,{'1046602343062679553': 1}
luisarashir,{'1046602326742650880': 1}
lul,{'1046604166922194950': 1}
lulavitz,{'1046604026819858433': 1}
lun,{'1046602673187946496': 1}
luquenukem,{'1046602642594648069': 1}
luz,{'1046602534201315329': 1}
lybarr,{'1046602715617472512': 1}
maan,{'1046603304934035457': 1}
mabelhuert,{'1046602343062679553': 1}
machaz,{'1046603287015936000': 1}
machin,{'1046603153439887362': 1}
machist,{'1046603146854846465': 1}
madeleineost,{'1046602527800774658': 1}
madr,{'1046602420116172800': 1}
maestr,{'1046602368433999873': 1}
mafi,{'1046602636747821056': 1}
mafios,{'1046602274540269568': 1}
mag,{'1046603615971028992': 1}
magalycoach,{'1046602384158470144': 1}
magdalen,{'1046602338113376256': 1}
magistel,{'1046603625211080705': 1}
mal,{'1046602928788770816': 1}
malaspect,{'1046603881810219008': 1}
malcomx,{'1046602963714801670': 1}
malcri,{'1046603361645146115': 1}
malditaternur,{'1046602896278794240': 1}
malos,{'1046603313003843584': 1}
malvin,{'1046603360646950912': 1}
mamarach,{'1046603625211080705': 1}
mami,{'1046602495450120195': 1}
man,{'1046602975332904961': 1}
manarellidieg,{'1046602715617472512': 1}
mand,{'1046602921390026757': 1}
maner,{'1046602326742650880': 1}
manifiestoelectoral,{'1046602315980042240': 1}
manifiestop,{'1046602315980042240': 1}
manipul,{'1046603155352555527': 1}
manipulacin,{'1046602737566322688': 1}
mantien,{'1046602328332279808': 1}
manuel,{'1046602246941741056': 1}
manuelvelard,{'1046602327753412608': 1}
manyus,{'1046602798039781376': 1}
maosole,{'1046602411320791042': 1}
map,{'1046603392783650816': 1}
mar,{'1046603360646950912': 1}
marc,{'1046602390630105088': 1}
marcelvelazq,{'1046603108070162432': 1}
march,{'1046602456103301120': 1}
marg,{'1046602643844603904': 1}
maribeltoled,{'1046602928788770816': 1}
maricon,{'1046604032633122816': 1}
mariell,{'1046603008694521857': 1}
marin,{'1046602928788770816': 1}
marinagb,{'1046602919309660161': 1}
marthamarip,{'1046603850961088514': 1}
marthamoyan,{'1046603476887883776': 1}
martinvizcarrac,{'1046602862690783233': 1}
martinwriepl,{'1046603624216965120': 1}
mas,{'1046603106765570048': 1}
masigualdadp,{'1046602286565404672': 1}
masiv,{'1046602383525138432': 1}
mat,{'1046602642594648069': 1}
mausele,{'1046602994064732160': 1}
mausole,{'1046602911961292805': 1}
maxim,{'1046602488839892992': 1}
mayor,{'1046602587930324992': 1}
mayra,{'1046603012691677186': 1}
med,{'1046603030257446912': 1}
medi,{'1046602364172595200': 1}
meiermq,{'1046602380421337093': 1}
mej,{'1046602435421237248': 1}
mejor,{'1046602244483895296': 2}
melcochit,{'1046602315980042240': 1}
mem,{'1046602798501167106': 1}
memori,{'1046602894022193152': 1}
men,{'1046602482170953728': 1}
mencin,{'1046603624216965120': 1}
mencion,{'1046602862690783233': 1}
menor,{'1046603428955402241': 1}
mensaj,{'1046602300628848640': 1}
mentir,{'1046602239270367233': 1}
merc,{'1046602674442047491': 1}
merec,{'1046602254898393088': 1}
mermeler,{'1046602338029522949': 1}
mes,{'1046602767937273857': 1}
met,{'1046602274540269568': 1}
meti,{'1046603725639503872': 1}
metr,{'1046602310070292481': 1}
metropolitan,{'1046603107554062336': 1}
mid,{'1046602826556862465': 1}
mied,{'1046602420980260864': 1}
mient,{'1046602364172595200': 1}
mierd,{'1046602515079475200': 1}
mijailrag,{'1046602261701578752': 1}
mil,{'1046602464563277825': 1}
milagr,{'1046603215922495488': 1}
milagrit,{'1046603754747940866': 1}
milagrosleivag,{'1046602328948846594': 1}
milic,{'1046603396546023424': 1}
millon,{'1046602459479724032': 1}
millonari,{'1046602515079475200': 1}
miltonvv,{'1046602332316860416': 1}
milualivs,{'1046602954361511936': 1}
mind,{'1046603310948593664': 1}
ministr,{'1046603170162577408': 1}
minolt,{'1046602723402141696': 1}
minor,{'1046603527945179136': 1}
minut,{'1046602365313445889': 1}
mir,{'1046602798501167106': 1}
miraflor,{'1046602368433999873': 1}
miragurosu,{'1046604167287119872': 1}
mirand,{'1046602491582971905': 1}
miroquez,{'1046602488839892992': 1}
misaelvm,{'1046603209450692608': 1}
miseri,{'1046603114122481666': 1}
mism,{'1046602239270367233': 1}
mitin,{'1046602646994464768': 1}
mnic,{'1046603823698071553': 1}
mnim,{'1046602691097579520': 1}
mod,{'1046604166930595840': 1}
modern,{'1046603420906475520': 1}
modernaoj,{'1046603976802799618': 1}
moment,{'1046602691097579520': 1}
monicacabrej,{'1046602896278794240': 1}
montesin,{'1046603153439887362': 1}
monumental,{'1046603246364700673': 1}
moral,{'1046603284138594305': 1}
mot,{'1046602421827506176': 1}
motorheadperu,{'1046602972329910272': 1}
mototax,{'1046603657276530688': 1}
mototaxis,{'1046603360646950912': 1}
mov,{'1046604107912552448': 1}
mquin,{'1046602674442047491': 2}
mrjasonday,{'1046602509492670464': 1}
much,{'1046602665898246144': 1}
muchsim,{'1046602258962685953': 1}
mudit,{'1046602422326562816': 1}
muer,{'1046602766121086976': 1}
muert,{'1046603747953135616': 1}
muertealchicharrn,{'1046603591698378752': 1}
muestr,{'1046603768488501248': 1}
muev,{'1046604213961273350': 1}
muj,{'1046602352084508673': 1}
mujer,{'1046602268286627840': 1}
multifamiliar,{'1046602674442047491': 1}
multifuncional,{'1046602723402141696': 1}
mund,{'1046602459479724032': 1}
muni,{'1046602846320447489': 1}
municipal,{'1046602300628848640': 1}
munilim,{'1046603380548874240': 1}
munozyasab,{'1046602259289780226': 1}
muoz,{'1046602250083291136': 1}
muozeslavoz,{'1046603209450692608': 1}
muozmejoropcion,{'1046603754139791361': 1}
muozyasab,{'1046602522746662914': 1}
mur,{'1046603360646950912': 1}
murrietamarc,{'1046602345595973632': 1}
muz,{'1046603744488624129': 1}
mxim,{'1046602546423492609': 1}
naci,{'1046603958356234241': 1}
nacional,{'1046602335756210176': 1}
nadi,{'1046602279154077696': 1}
nadit,{'1046602868080463873': 1}
naranj,{'1046603976802799618': 1}
nataliababarczy,{'1046602774996242437': 1}
natsumilis,{'1046603031331115008': 1}
natural,{'1046602857175293952': 1}
nauseabund,{'1046602692255264768': 1}
necesari,{'1046602435421237248': 1}
necesit,{'1046602476798005248': 1}
neci,{'1046603930409594880': 1}
negoci,{'1046603116337156096': 1}
nervios,{'1046602765466775552': 1}
nic,{'1046602915585118208': 1}
niet,{'1046602865693921281': 1}
niez,{'1046603221995802625': 1}
ningn,{'1046602322128904192': 1}
ningun,{'1046602527800774658': 1}
nios,{'1046602767937273857': 1}
nivel,{'1046602696793477121': 1}
noakeikop,{'1046602506808307713': 1}
noalpeajeabus,{'1046602646994464768': 1}
noch,{'1046602246941741056': 1}
nom,{'1046602725767741441': 2}
nombr,{'1046602300628848640': 1}
noms,{'1046603404385153024': 1}
noqu,{'1046602607471603712': 1}
norm,{'1046603921660284928': 1}
normal,{'1046603456860033024': 1}
nosoyungat,{'1046603586564759552': 1}
noss,{'1046602947558297600': 1}
not,{'1046602780914454528': 1}
notabl,{'1046602395009077248': 1}
notici,{'1046602279758045186': 1}
noticiamer,{'1046602274540269568': 1}
noticiastvperu,{'1046602398679076864': 1}
noved,{'1046602794139103233': 1}
nub,{'1046602603960946693': 1}
nuev,{'1046602743610322944': 1}
nuez,{'1046602515603697664': 1}
nunc,{'1046602411320791042': 1}
obes,{'1046603591698378752': 1}
objet,{'1046602929078226949': 1}
oblig,{'1046602390630105088': 1}
obligacin,{'1046603392653684736': 1}
obra,{'1046602459479724032': 1}
obten,{'1046604236178550789': 1}
obtendr,{'1046603823698071553': 1}
obvi,{'1046603678038323200': 1}
ocho,{'1046602767937273857': 1}
ocrospom,{'1046603428955402241': 1}
octubr,{'1046602451439276032': 1}
ocup,{'1046603323007217664': 1}
ocurreahor,{'1046602250632728577': 1}
odebrecht,{'1046602310070292481': 1}
odebrechtperu,{'1046603426174504960': 1}
odebretch,{'1046602488839892992': 2}
odi,{'1046602286565404672': 1}
odios,{'1046603514477195264': 1}
odos,{'1046602862690783233': 1}
ofe,{'1046603728755859456': 1}
ofens,{'1046603445229289472': 1}
off,{'1046603286453850112': 1}
oficial,{'1046603576569671680': 1}
ofrec,{'1046602421827506176': 1}
ohdil,{'1046603653862313984': 1}
oig,{'1046602515129806850': 1}
ojal,{'1046602692255264768': 2}
ojo,{'1046602988339556352': 1}
ojopubl,{'1046602322128904192': 1}
ojos,{'1046603097160777728': 1}
okno,{'1046603591698378752': 1}
ola,{'1046602881112182784': 1}
olvid,{'1046602243460542464': 1}
omikeimeji,{'1046602451439276032': 1}
onda,{'1046602256521531392': 1}
onpe,{'1046602646994464768': 1}
onpeoficial,{'1046603247874723840': 1}
opcin,{'1046602295784411136': 1}
opcion,{'1046603380548874240': 1}
oper,{'1046603361645146115': 1}
opin,{'1046603146854846465': 1}
opinin,{'1046602911709614080': 1}
oportun,{'1046602352084508673': 1}
opuest,{'1046602434603372544': 1}
orden,{'1046602451439276032': 1}
organ,{'1046603247874723840': 1}
organiz,{'1046602715617472512': 1}
orgnic,{'1046602674442047491': 1}
original,{'1046602241153601536': 1}
orin,{'1046603060255109121': 1}
ornament,{'1046602921390026757': 1}
oro,{'1046603225309286400': 1}
oscar,{'1046604230390435840': 1}
oscardelportal,{'1046603319895044097': 1}
ose,{'1046602509492670464': 1}
osit,{'1046602921390026757': 1}
oso,{'1046602945620594688': 1}
oswaldojosegil,{'1046603735949094917': 1}
pabl,{'1046602343062679553': 1}
pacitaguerr,{'1046603396546023424': 1}
padelriol,{'1046602532074770433': 1}
padmejon,{'1046603344113004545': 1}
padr,{'1046602326742650880': 1}
pag,{'1046603114122481666': 1}
palabr,{'1046602642594648069': 1}
panam,{'1046603286453850112': 1}
panamericanatv,{'1046602965866487811': 1}
pand,{'1046602921390026757': 1}
pandit,{'1046603008694521857': 1}
pantalon,{'1046602279154077696': 1}
papelit,{'1046602743559987201': 1}
papeln,{'1046602743559987201': 1}
papisergit,{'1046602332681752576': 1}
paporreter,{'1046604049523585024': 1}
par,{'1046603293634564097': 1}
pard,{'1046602343062679553': 1}
parec,{'1046602542522802176': 1}
pareci,{'1046603919131054080': 1}
part,{'1046602534201315329': 1}
particip,{'1046603293634564097': 1}
participacin,{'1046602286565404672': 1}
pas,{'1046602309206192129': 1}
pasajer,{'1046603770342395904': 1}
pasarn,{'1046602646994464768': 1}
pastor,{'1046603108070162432': 1}
pat,{'1046602256521531392': 1}
pataki,{'1046602332681752576': 1}
patan,{'1046603031863840768': 1}
patareval,{'1046602398326812672': 1}
paticalderonf,{'1046604037897023488': 1}
patri,{'1046602534201315329': 1}
patriarcal,{'1046602495450120195': 1}
patrici,{'1046602491582971905': 1}
patriciagamarr,{'1046602239270367233': 1}
patricianeyr,{'1046602963714801670': 1}
pauel,{'1046603404385153024': 1}
paves,{'1046602509492670464': 1}
payas,{'1046603319895044097': 1}
paz,{'1046603155352555527': 1}
pblic,{'1046602424864133121': 1}
peaj,{'1046603658211872768': 1}
pecos,{'1046603559536660482': 1}
ped,{'1046602908379357185': 1}
pedr,{'1046602896278794240': 1}
pedroalayz,{'1046602456103301120': 1}
pedromarbell,{'1046603140500516864': 1}
peg,{'1046602506808307713': 1}
peligr,{'1046602353401622528': 1}
pelonatranquil,{'1046602725767741441': 1}
pen,{'1046602402600767488': 1}
penal,{'1046602364172595200': 1}
pendej,{'1046604145589964800': 1}
pens,{'1046602309206192129': 1}
pensamient,{'1046602328332279808': 1}
pensant,{'1046603158787686400': 1}
pensin,{'1046603582064283648': 1}
peor,{'1046602246941741056': 1}
peque,{'1046602808294805504': 1}
per,{'1046602277530882049': 1}
percygu,{'1046602914503020545': 1}
perd,{'1046602332681752576': 1}
perdi,{'1046602535627370497': 1}
perdil,{'1046603976802799618': 1}
perdn,{'1046603114122481666': 1}
perdon,{'1046603286453850112': 1}
perfect,{'1046602715617472512': 1}
perid,{'1046603155352555527': 1}
period,{'1046602277530882049': 1}
permanent,{'1046603106765570048': 1}
permis,{'1046602929078226949': 1}
permit,{'1046602558410821632': 1}
permiti,{'1046603625211080705': 1}
permitir,{'1046603941591601154': 1}
perp,{'1046603167469842434': 1}
persig,{'1046603110859395072': 1}
person,{'1046602286565404672': 1}
personaj,{'1046602719564361728': 1}
personasconhabilidadesdiferent,{'1046604074198736903': 1}
peru,{'1046602368433999873': 1}
peruan,{'1046602267204423680': 1}
peruanaactual,{'1046602244483895296': 1}
peruennotici,{'1046602969813307392': 1}
peruvianbojack,{'1046602667114602496': 1}
pesta,{'1046603976802799618': 1}
pfuerzapopul,{'1046602258962685953': 1}
phonysnak,{'1046603430071078917': 1}
pic,{'1046602766121086976': 1}
pid,{'1046602667114602496': 1}
piens,{'1046602395009077248': 1}
pierd,{'1046604236178550789': 1}
piern,{'1046603077778853888': 1}
pies,{'1046602353401622528': 1}
pilasl,{'1046603976802799618': 1}
pinchaglob,{'1046602612550889479': 1}
pinsal,{'1046602542522802176': 1}
pintor,{'1046602309206192129': 1}
pis,{'1046602369499373569': 1}
piscin,{'1046602677067689984': 1}
pist,{'1046602243460542464': 1}
pitch,{'1046602332316860416': 1}
pituc,{'1046603396546023424': 1}
pitucaz,{'1046603516985438208': 1}
pitucostxt,{'1046603559536660482': 1}
pituquit,{'1046603787962601474': 1}
plac,{'1046602808294805504': 1}
plan,{'1046602409399779329': 1}
planarcoris,{'1046603603866243072': 1}
planch,{'1046602495450120195': 1}
planificacin,{'1046602368433999873': 1}
plant,{'1046602704490041349': 1}
plante,{'1046603072854773762': 1}
plaquit,{'1046604145422204928': 1}
plat,{'1046602515079475200': 1}
plen,{'1046602719564361728': 1}
poblacin,{'1046602719564361728': 1}
poblacion,{'1046603564225875968': 1}
pobr,{'1046602250024624128': 1}
pobrisim,{'1046604145589964800': 1}
pod,{'1046602356081725440': 1}
poder,{'1046602486444888064': 1}
podr,{'1046602868080463873': 1}
podredumbr,{'1046602692255264768': 1}
polic,{'1046602537841954818': 1}
polici,{'1046602855392600065': 1}
politicaecp,{'1046602250632728577': 1}
politicalr,{'1046603442830159873': 1}
poltic,{'1046602395009077248': 1}
pon,{'1046603148012539904': 1}
pondr,{'1046603221995802625': 1}
pong,{'1046604145589964800': 1}
ponj,{'1046602375031590913': 1}
ponjasab,{'1046602451439276032': 1}
pont,{'1046603976802799618': 1}
popul,{'1046602409655619584': 1}
porcentaj,{'1046603942510178304': 1}
porfavor,{'1046603990329380864': 1}
porq,{'1046602328332279808': 1}
porqu,{'1046604106809446403': 1}
porqui,{'1046603392653684736': 1}
posicion,{'1046603032295862272': 1}
postul,{'1046602894022193152': 1}
potabl,{'1046602243460542464': 1}
potencial,{'1046602742817525761': 1}
ppc,{'1046602390630105088': 1}
ppk,{'1046603576569671680': 1}
pps,{'1046603611139125249': 1}
ppsperu,{'1046603900646813696': 1}
precis,{'1046603029552787456': 1}
preferent,{'1046604236178550789': 1}
prefiri,{'1046603911581388802': 1}
pregunt,{'1046602392144351232': 1}
premi,{'1046602424864133121': 1}
premis,{'1046603031863840768': 1}
prens,{'1046602338029522949': 1}
preocup,{'1046602790737457157': 1}
prepar,{'1046602692808912896': 1}
prepotent,{'1046603759403651072': 1}
presenci,{'1046602495638872064': 1}
president,{'1046602375031590913': 1}
pretend,{'1046602274540269568': 1}
preven,{'1046603661655396352': 1}
prevencion,{'1046603661655396352': 1}
prim,{'1046603344113004545': 1}
primer,{'1046602274540269568': 1}
principal,{'1046604093589016576': 1}
principsl,{'1046604218252054530': 1}
priorid,{'1046602546423492609': 1}
prioritari,{'1046602398679076864': 1}
prob,{'1046602353401622528': 1}
problem,{'1046602648911319042': 1}
proces,{'1046602764640550912': 1}
procr,{'1046603615971028992': 1}
produj,{'1046604025821614080': 1}
profesional,{'1046602774996242437': 1}
program,{'1046602268286627840': 1}
progres,{'1046602326742650880': 1}
prohib,{'1046603396546023424': 1}
proletari,{'1046603516985438208': 1}
promes,{'1046602603889668096': 1}
promov,{'1046602373634904064': 1}
promuev,{'1046603717498359808': 1}
prop,{'1046602456103301120': 1}
propi,{'1046602348368482304': 1}
propied,{'1046603190534369280': 1}
propon,{'1046602321231302657': 1}
propong,{'1046602857175293952': 1}
propuest,{'1046602279154077696': 1}
prostitucin,{'1046604168272769026': 1}
protagoniz,{'1046604049523585024': 1}
proteccin,{'1046602972329910272': 1}
proteg,{'1046602268286627840': 1}
proxim,{'1046602947558297600': 1}
proyect,{'1046602692255264768': 1}
prstat,{'1046603060255109121': 1}
prueb,{'1046603653862313984': 1}
prupuest,{'1046603140500516864': 1}
prxim,{'1046602348368482304': 1}
prximo,{'1046603976802799618': 1}
psec,{'1046603224113971206': 1}
psim,{'1046602300628848640': 1}
public,{'1046602558410821632': 1}
publicit,{'1046603118702723072': 1}
publimetrop,{'1046602558410821632': 1}
pud,{'1046603224113971206': 1}
puebl,{'1046602244483895296': 1}
pued,{'1046602239270367233': 1}
puert,{'1046603930409594880': 1}
pues,{'1046602374310219776': 1}
puest,{'1046602322128904192': 1}
pugn,{'1046603357740290048': 1}
pulmondesus,{'1046603516985438208': 1}
punt,{'1046602274540269568': 1}
puntofinal,{'1046603699173437441': 1}
pur,{'1046602953791098880': 1}
purplev,{'1046602613029048320': 1}
pus,{'1046602662182113280': 1}
quechuahabl,{'1046603421896376320': 1}
qued,{'1046602246941741056': 1}
quej,{'1046603295412948992': 1}
quer,{'1046602692255264768': 1}
querr,{'1046604003973500930': 1}
ques,{'1046603167469842434': 1}
quiebr,{'1046602425812103169': 1}
quier,{'1046602258962685953': 1}
quin,{'1046603304934035457': 1}
quis,{'1046603032295862272': 1}
quit,{'1046602420980260864': 1}
quiz,{'1046602856806141952': 1}
ranking,{'1046602509492670464': 1}
rap,{'1046602688862068736': 1}
rat,{'1046602328948846594': 1}
rating,{'1046603045952475137': 1}
raulgm,{'1046603392339116032': 1}
razn,{'1046603919131054080': 1}
reaccion,{'1046602688862068736': 1}
real,{'1046602557026684928': 1}
realid,{'1046602459479724032': 1}
realist,{'1046602302411481088': 1}
realment,{'1046602244483895296': 1}
rebobin,{'1046603928941596673': 1}
recag,{'1046602914503020545': 1}
rechaz,{'1046602743585165312': 1}
recib,{'1046602537514799104': 1}
reciproc,{'1046602831745228800': 1}
recog,{'1046602725767741441': 1}
recom,{'1046603148012539904': 1}
reconozc,{'1046603357740290048': 1}
recontr,{'1046602279938400256': 1}
record,{'1046602696470474752': 1}
recuerd,{'1046602435421237248': 1}
recuerdosperu,{'1046603426174504960': 1}
recuper,{'1046602603960946693': 1}
recurs,{'1046602373634904064': 1}
red,{'1046603304934035457': 1}
reddigitalfuji,{'1046602537841954818': 1}
reduc,{'1046602691097579520': 1}
referendum,{'1046603225309286400': 1}
reform,{'1046603072854773762': 1}
reggi,{'1046603847693668352': 1}
reggiard,{'1046602274540269568': 1}
regidor,{'1046602456103301120': 1}
regional,{'1046602846320447489': 1}
regul,{'1046603247874723840': 1}
rein,{'1046603036276264960': 1}
relevantesin,{'1046602692808912896': 1}
reloj,{'1046602723402141696': 1}
renatosilv,{'1046603559536660482': 1}
renz,{'1046602274540269568': 1}
renzoreggiard,{'1046602377854427136': 1}
repertori,{'1046604145589964800': 1}
repit,{'1046602688862068736': 1}
replet,{'1046603770342395904': 1}
represent,{'1046603108070162432': 1}
repudi,{'1046603224113971206': 1}
requisitori,{'1046602554409439233': 1}
residu,{'1046602674442047491': 1}
resocializ,{'1046602742817525761': 1}
resolv,{'1046602774996242437': 1}
respald,{'1046603480658595840': 1}
respet,{'1046602254898393088': 1}
respetani,{'1046603850961088514': 1}
respir,{'1046603052977917954': 1}
respondi,{'1046604049523585024': 1}
respons,{'1046602868839600129': 1}
respuest,{'1046603823698071553': 1}
rest,{'1046602691097579520': 1}
restauracin,{'1046602398679076864': 1}
resuelt,{'1046602862690783233': 1}
result,{'1046602250632728577': 1}
resum,{'1046602324477710336': 1}
ret,{'1046603014142926848': 1}
retorc,{'1046602373634904064': 1}
retrgr,{'1046602719564361728': 1}
revelacin,{'1046603919131054080': 1}
revert,{'1046602665898246144': 1}
revis,{'1046603658211872768': 1}
rey,{'1046602435421237248': 1}
ric,{'1046602527800774658': 1}
ricard,{'1046602239270367233': 1}
ricardobelmont,{'1046602839970205696': 1}
ricardobelmontc,{'1046602324389613569': 1}
ricardogr,{'1046603158787686400': 1}
ricardomor,{'1046603510278696960': 1}
richardmontoy,{'1046602386528239618': 1}
ridcul,{'1046602826556862465': 1}
ridderrossel,{'1046603014142926848': 1}
ridicul,{'1046603124759298049': 1}
rmapalaci,{'1046602310070292481': 1}
robert,{'1046602921390026757': 1}
rocioromerox,{'1046602277530882049': 1}
rod,{'1046603603866243072': 1}
roj,{'1046602677067689984': 1}
rol,{'1046603336001171456': 1}
romeliapared,{'1046602750149234689': 1}
rond,{'1046602332316860416': 1}
ronnyisl,{'1046602607471603712': 1}
ronquit,{'1046603958356234241': 1}
rosanacuevam,{'1046604206306725888': 1}
rossanaalayz,{'1046603390350954504': 1}
rossyw,{'1046603958356234241': 1}
rostr,{'1046603208020426752': 1}
rppnotici,{'1046603857164468225': 1}
rrga,{'1046602479276822529': 1}
rspart,{'1046602279154077696': 1}
rubenlar,{'1046603743293296640': 1}
rued,{'1046604055001403392': 1}
rumb,{'1046602390630105088': 1}
rush,{'1046603360646950912': 1}
s16000,{'1046603141117022211': 1}
s2000,{'1046603141117022211': 1}
sab,{'1046602353401622528': 1}
sabe,{'1046602983545417728': 1}
sac,{'1046602256521531392': 1}
sacndol,{'1046602343062679553': 1}
sal,{'1046602515079475200': 1}
salg,{'1046602353401622528': 1}
sali,{'1046602314293940225': 1}
salin,{'1046602384158470144': 1}
salud,{'1046602356081725440': 1}
salv,{'1046604217237078018': 1}
salvajedigital,{'1046604166922194950': 1}
samanamu,{'1046603234163535872': 1}
san,{'1046603941591601154': 1}
sancion,{'1046603225309286400': 1}
sangr,{'1046602831745228800': 1}
sant,{'1046602491582971905': 1}
santan,{'1046604145589964800': 1}
santiag,{'1046603541157216262': 1}
saqu,{'1046603023710138371': 1}
saraviaj,{'1046602765466775552': 1}
sbad,{'1046603435968204806': 1}
sbdit,{'1046603120145551366': 1}
seal,{'1046602435421237248': 1}
sector,{'1046603768488501248': 1}
segn,{'1046602522746662914': 1}
segu,{'1046602581634625536': 1}
segund,{'1046602328948846594': 1}
segur,{'1046602256521531392': 1}
seguridadh,{'1046603900646813696': 1}
sej,{'1046602338113376256': 1}
seleccion,{'1046603990329380864': 1}
sem,{'1046602246941741056': 1}
semaforizacion,{'1046602365313445889': 1}
semaforizackon,{'1046602383525138432': 1}
seman,{'1046602356614471680': 1}
sen,{'1046602993444036612': 1}
senador,{'1046602406757376008': 1}
sencillit,{'1046603980284022784': 1}
sender,{'1046603214664200192': 1}
sensat,{'1046604117873971200': 1}
sent,{'1046604079747796997': 1}
sentenci,{'1046602425812103169': 1}
sentenciareggiard,{'1046602766121086976': 1}
sentimient,{'1046604213961273350': 1}
seor,{'1046602254898393088': 1}
seorak,{'1046602571786391554': 1}
seorit,{'1046602527800774658': 1}
sep,{'1046603456860033024': 1}
sepult,{'1046603323007217664': 1}
ser,{'1046602258962685953': 1}
serenazg,{'1046602587930324992': 1}
seresper,{'1046604138665193472': 1}
sergiotq,{'1046602246941741056': 1}
seri,{'1046602330307792896': 1}
sern,{'1046602398679076864': 1}
sers,{'1046603107390517249': 1}
serv,{'1046602615637909504': 1}
servici,{'1046603107554062336': 1}
sesion,{'1046603866840727552': 1}
shor,{'1046603286453850112': 1}
sid,{'1046602459479724032': 1}
siempr,{'1046602322128904192': 1}
siempreun,{'1046603381123559424': 1}
siend,{'1046602921390026757': 1}
sient,{'1046602612550889479': 1}
sig,{'1046602274540269568': 1}
sigl,{'1046602719564361728': 1}
signif,{'1046604138665193472': 1}
siguient,{'1046603881810219008': 1}
siii,{'1046603707725615105': 1}
silln,{'1046603958356234241': 1}
silv,{'1046602343062679553': 1}
simarch,{'1046604182617300992': 1}
simbol,{'1046603208020426752': 1}
simpat,{'1046602693144391680': 1}
simpl,{'1046602972329910272': 1}
simplement,{'1046603684820520961': 1}
simpsons,{'1046602267204423680': 1}
simulacr,{'1046602250632728577': 1}
simulacrojorgemunozap,{'1046602328948846594': 1}
sin,{'1046602534201315329': 1}
sincer,{'1046602667114602496': 1}
sinnim,{'1046603287015936000': 1}
siqu,{'1046602826556862465': 1}
sirv,{'1046602612550889479': 1}
slayerx,{'1046603958356234241': 1}
slid,{'1046602928788770816': 1}
slo,{'1046602554409439233': 1}
smp,{'1046603876730851328': 1}
soberbi,{'1046602256521531392': 1}
sobn,{'1046602434603372544': 1}
sobr,{'1046603603866243072': 1}
sobrecost,{'1046602459479724032': 1}
sobrin,{'1046602865693921281': 1}
social,{'1046602421827506176': 1}
socied,{'1046602972329910272': 1}
socioperiod,{'1046602509492670464': 1}
sodom,{'1046602546423492609': 1}
sof,{'1046603036276264960': 1}
sol,{'1046602321231302657': 1}
soledapp,{'1046604048995155969': 1}
solidar,{'1046602335756210176': 1}
solter,{'1046602657086013440': 1}
solucin,{'1046603770342395904': 1}
solucion,{'1046602648911319042': 1}
sombr,{'1046602881112182784': 1}
sorprender,{'1046602933905821696': 1}
sorpres,{'1046602356614471680': 1}
sosten,{'1046603106765570048': 1}
soyalpacin,{'1046602945620594688': 1}
spaciolibr,{'1046603560924991488': 1}
sra,{'1046602742607876096': 1}
srak,{'1046603225309286400': 1}
sreategu,{'1046604236056875013': 1}
srgag,{'1046603970742022145': 1}
straussjonath,{'1046603242728280064': 1}
sub,{'1046602542522802176': 1}
subi,{'1046602488839892992': 1}
subsidi,{'1046602764791545856': 1}
sue,{'1046603474098630656': 1}
suel,{'1046602921989873666': 1}
suert,{'1046602246941741056': 1}
sufr,{'1046602767937273857': 1}
sugier,{'1046602975332904961': 1}
sugxkooki,{'1046602696470474752': 1}
sujet,{'1046602353401622528': 1}
sunat,{'1046604167287119872': 1}
supuest,{'1046602972329910272': 1}
surc,{'1046602921390026757': 1}
suselpared,{'1046602338113376256': 1}
suspension,{'1046602353401622528': 1}
tal,{'1046602256521531392': 1}
tambi,{'1046602554409439233': 1}
tambin,{'1046602300628848640': 1}
tan,{'1046602259289780226': 1}
tangent,{'1046602826556862465': 1}
tant,{'1046602256521531392': 1}
tap,{'1046602798622748673': 1}
tarahmahalican,{'1046602935470370817': 1}
tard,{'1046604055001403392': 1}
tare,{'1046603148012539904': 1}
tarjet,{'1046603770342395904': 1}
tartalor,{'1046602402600767488': 1}
tatialem,{'1046603332415094784': 1}
taxi,{'1046603770342395904': 2}
taxist,{'1046602421827506176': 2}
tcnic,{'1046602386528239618': 1}
tcnicodeb,{'1046603516658294784': 1}
tecnolog,{'1046603148012539904': 1}
telefn,{'1046604167287119872': 1}
televisin,{'1046602338029522949': 1}
tem,{'1046602495638872064': 1}
tembl,{'1046602603512061952': 1}
temper,{'1046602677067689984': 1}
ten,{'1046602846320447489': 1}
tendenci,{'1046602792629145601': 1}
tendenciabigot,{'1046603684820520961': 1}
tendr,{'1046602279154077696': 1}
tendrn,{'1046604074198736903': 1}
tenemod,{'1046604138665193472': 1}
teni,{'1046602607471603712': 1}
tercer,{'1046603060255109121': 1}
termin,{'1046602766121086976': 1}
territori,{'1046603937120440320': 1}
territorial,{'1046602368433999873': 1}
terror,{'1046602411320791042': 1}
texttospeech,{'1046603148012539904': 1}
tibi,{'1046602953791098880': 1}
tic,{'1046603284138594305': 1}
tiemp,{'1046602791232393216': 1}
tiempocumpl,{'1046603626846793728': 1}
tiend,{'1046604088383868928': 1}
tierr,{'1046602374310219776': 1}
til,{'1046602615637909504': 1}
tio,{'1046603289691869184': 1}
tip,{'1046602368433999873': 1}
tir,{'1046604011883892736': 1}
titoarh,{'1046603051879071744': 1}
titular,{'1046603247874723840': 1}
tmens,{'1046602791232393216': 1}
tod,{'1046602274540269568': 1}
todav,{'1046603396604719105': 1}
todavi,{'1046603700175683584': 1}
todosl,{'1046603140500516864': 1}
toled,{'1046603167469842434': 1}
toledimi,{'1046603167469842434': 1}
toler,{'1046602707182768128': 1}
tom,{'1046602486444888064': 1}
tomb,{'1046603396604719105': 1}
tos,{'1046602865693921281': 1}
total,{'1046602368433999873': 1}
trabaj,{'1046602409399779329': 1}
tradicional,{'1046603108070162432': 1}
tragedi,{'1046603461188603905': 1}
trankil,{'1046603599181213699': 1}
tranquil,{'1046602725767741441': 1}
trans,{'1046603030257446912': 1}
transform,{'1046602258962685953': 1}
transmit,{'1046603866840727552': 1}
transparent,{'1046603699173437441': 1}
transport,{'1046602383525138432': 1}
tras,{'1046602277530882049': 1}
trascendental,{'1046603990329380864': 1}
trasl,{'1046602831745228800': 1}
trat,{'1046603476887883776': 1}
travs,{'1046602268286627840': 1}
trayectori,{'1046603326186549248': 1}
tren,{'1046602459479724032': 1}
trep,{'1046602328948846594': 1}
tres,{'1046602724836614144': 1}
trfic,{'1046603295412948992': 1}
tribun,{'1046604206306725888': 1}
trist,{'1046602862690783233': 1}
troll,{'1046602865693921281': 1}
trom,{'1046603900646813696': 1}
tromep,{'1046604126514270208': 1}
truch,{'1046602386528239618': 1}
tuit,{'1046602392144351232': 1}
tukuyrikuy,{'1046602243460542464': 1}
tumb,{'1046602324389613569': 1}
tumbalafiest,{'1046602611263254528': 1}
tuvotoimport,{'1046602321231302657': 1}
tvperinform,{'1046602975991537664': 1}
ubic,{'1046602688862068736': 1}
uds,{'1046603031863840768': 1}
uhmmm,{'1046603357740290048': 1}
ultim,{'1046603568827060224': 1}
ultra,{'1046604025821614080': 1}
unen,{'1046602409655619584': 1}
unic,{'1046603124759298049': 1}
unid,{'1046602322128904192': 1}
uniendos,{'1046603124759298049': 1}
uniform,{'1046602715617472512': 1}
urbaniz,{'1046602674442047491': 1}
urbe,{'1046602831745228800': 1}
urge,{'1046603876730851328': 1}
urnas,{'1046602667114602496': 1}
urresti,{'1046602250632728577': 1}
urrestigtppod,{'1046604117009977345': 1}
urrestri,{'1046603428955402241': 1}
usa,{'1046603392653684736': 1}
uses,{'1046603155352555527': 1}
usted,{'1046602241153601536': 1}
uterofavr,{'1046603118702723072': 1}
utiliz,{'1046602239270367233': 1}
vag,{'1046602701101027328': 1}
val,{'1046603225309286400': 1}
valent,{'1046602737566322688': 1}
valient,{'1046603287015936000': 1}
valor,{'1046602486444888064': 1}
vam,{'1046602352151678977': 1}
vamosditelv,{'1046602241153601536': 1}
vamoskon,{'1046602339795292160': 1}
vamoskonfu,{'1046602661620060161': 1}
vamoskonfuerz,{'1046603575084879872': 1}
vamosss,{'1046603744488624129': 1}
vampi,{'1046603099505414144': 1}
van,{'1046602302411481088': 1}
vari,{'1046602353401622528': 1}
vas,{'1046602464563277825': 1}
vay,{'1046603928941596673': 1}
vctim,{'1046602268286627840': 1}
vctor,{'1046603361645146115': 1}
vea,{'1046604079747796997': 1}
veam,{'1046603344113004545': 1}
vec,{'1046603031863840768': 1}
vecin,{'1046602411320791042': 1}
vecinal,{'1046603610967232513': 1}
vehicul,{'1046603206464286721': 1}
velard,{'1046602246941741056': 1}
velardegtmamit,{'1046604117009977345': 1}
velbl,{'1046602309206192129': 1}
venci,{'1046602636747821056': 1}
vend,{'1046602798622748673': 1}
vendenn,{'1046603787962601474': 1}
venezuel,{'1046603930409594880': 1}
ventaj,{'1046602343062679553': 1}
veo,{'1046602696470474752': 1}
ver,{'1046602435421237248': 1}
verd,{'1046602568091258881': 1}
verdader,{'1046602798622748673': 1}
vered,{'1046602243460542464': 1}
vergenz,{'1046602907339165697': 1}
vergonz,{'1046602780998348802': 1}
verguenz,{'1046602261701578752': 1}
veritatisperu,{'1046603518214361088': 1}
veromendozaf,{'1046603396546023424': 1}
vez,{'1046602267204423680': 1}
via,{'1046602421827506176': 1}
viabl,{'1046602919309660161': 1}
viaj,{'1046602365313445889': 1}
vial,{'1046602724836614144': 1}
vias,{'1046603699173437441': 1}
victorbonifaz,{'1046602375031590913': 1}
victternew,{'1046602798039781376': 1}
vid,{'1046602587930324992': 1}
vide,{'1046602241153601536': 1}
vien,{'1046602688862068736': 1}
viepend,{'1046603976802799618': 1}
viern,{'1046603435968204806': 1}
vigent,{'1046602435421237248': 1}
vill,{'1046603936164139010': 1}
villanadeapi,{'1046602384192012288': 1}
villarn,{'1046603658211872768': 1}
vin,{'1046602422326562816': 1}
vinelliu,{'1046603008694521857': 1}
vio,{'1046603224113971206': 1}
violenci,{'1046602268286627840': 1}
visin,{'1046602383525138432': 1}
visit,{'1046603768488501248': 1}
vist,{'1046602515603697664': 1}
viv,{'1046602239270367233': 1}
vizcarr,{'1046602857175293952': 1}
vlid,{'1046602250632728577': 1}
vocabulari,{'1046604118658351104': 1}
volv,{'1046602435421237248': 1}
vot,{'1046602246941741056': 1}
votabi,{'1046602352084508673': 1}
votacin,{'1046602279758045186': 1}
votant,{'1046603295412948992': 1}
votomunicipal,{'1046603381123559424': 1}
votorespons,{'1046602965866487811': 1}
voy,{'1046602395084566528': 1}
voz,{'1046602434234261505': 1}
vozdelatierr,{'1046602993444036612': 1}
vulner,{'1046602719564361728': 1}
walterhuam,{'1046603684820520961': 1}
waykaperu,{'1046603527945179136': 1}
waynacun,{'1046602338029522949': 1}
web,{'1046603866840727552': 1}
wells,{'1046602562403782657': 1}
wher,{'1046604089105285121': 1}
wild,{'1046604230390435840': 1}
woodysb,{'1046602723402141696': 1}
wow,{'1046602715617472512': 1}
wtf,{'1046603384197976064': 1}
xenfob,{'1046602989149061121': 1}
xiomy,{'1046602527800774658': 1}
xsiac,{'1046602790737457157': 1}
xxi,{'1046602719564361728': 1}
yafuistereggiard,{'1046603286453850112': 1}
yal,{'1046602254218932224': 1}
yazzbartr,{'1046602750358945792': 1}
yoestoyconrenz,{'1046603900646813696': 1}
youtub,{'1046602755257901061': 1}
yoverap,{'1046602928788770816': 1}
yovotoporbeingole,{'1046602279938400256': 1}
zaidaps,{'1046604021463740416': 1}
zalill,{'1046603611139125249': 1}
zanetti,{'1046603008694521857': 1}
zapat,{'1046603768488501248': 1}
zaramazz,{'1046603678038323200': 1}
zegarramining,{'1046602534201315329': 1}
zicozocialvol,{'1046603380548874240': 1}
zon,{'1046602677067689984': 1}
zorkalushk,{'1046603396546023424': 1}
zurek,{'1046603428955402241': 1}
